stadt;name;branche;telefon;telefon2;email;inhaber;adresse;stadtteil;zeiten;bewertung;beschreibung;leistungen;online;ansatz;hinweis;website;quelle
Amberg;Änderungsschneiderei Klasic;Schneiderei;09621 31222;;;;Untere Nabburger Str. 31, 92224 Amberg;Altstadt;;;Änderungsschneiderei in der Unteren Nabburger Straße in der Amberger Altstadt, mit fünfstelliger Festnetznummer seit Jahren im Telefonbuch.;Änderungen, Reparaturen, Kürzen;Nur Verzeichnisse (Gelbe Seiten, meinestadt, 11880).;Kein einziges Foto, keine Zeiten online. Eine einfache Seite mit Zeiten, Leistungen und Anfahrt.;Öffnungszeiten erfragen.;keine;https://www.11880.com/branchenbuch/amberg-oberpfalz/060690120B33702489/klasic-aenderungschneiderei.html
Amberg;Änderungsschneiderei Raigeringer Straße;Schneiderei;09621 32358;;;;Raigeringer Str. 16, 92224 Amberg;;;;Änderungsschneiderei in der Raigeringer Straße, im Verzeichnis mit fünfstelliger Festnetznummer eingetragen.;Änderungen;Nur ein Verzeichniseintrag.;Eine Seite mit Namen, Leistungen und Zeiten.;Website noch nicht einzeln geprüft: vor dem Anruf kurz googeln (Link „Google prüfen“). Name nicht angezeigt, am Telefon erfragen.;ungeprüft;https://www.11880.com/suche/aenderungsschneiderei/amberg
Amberg;Atelier FeinStich;Schneiderei;0176 32077695;;;;Paradiesgasse, 92224 Amberg;Altstadt;Mo–Fr 10–12 und 13–18 Uhr (Di bis 17:30), Sa 10–14 Uhr;;Atelier für Modedesign, Maßschneiderei und Änderungen von Anna (Facebook „Annas Atelier FeinStich“). Eigene Damenkollektion, Nähkurse, Maßhemden, Sonderanfertigungen wie Dirndl, Leder, Faschingskostüme und große Größen, auch Schnitterstellung.;Maßschneiderei, Änderungen, Eigene Damenkollektion, Nähkurse, Dirndl & Leder, Kostüme, Schnitterstellung;Facebook-Seite, golocal, Cylex, 11880.;Kollektion und Nähkurse brauchen eine Seite: Kursbuchung, Lookbook und Galerie. Facebook reicht dafür nicht.;Ein Verzeichnis nennt Schrannenplatz 3, genaue Adresse am Telefon bestätigen.;keine;https://www.11880.com/branchenbuch/amberg-oberpfalz/060690120B107441188/atelier-feinstich.html
Amberg;Berat Pizza und Döner;Imbiss;01522 2440937;;;;Georgenstr. 74, 92224 Amberg;Altstadt;Mo–Sa 10–20 Uhr, So zu;4,6 Sterne (257 Google-Bewertungen);Beliebter Döner- und Pizza-Imbiss in der Georgenstraße mit großer Karte: Salate, Pizza (auch Familienpizza 50 cm), Calzone, Pasta, Döner, Döner-Teller, Köfte, Falafel, Pide, Schnitzel und gefüllte Pizzabrötchen.;Döner, Pizza & Familienpizza, Pide, Falafel, Schnitzel, Vegetarisch;Speisekarten-Portale, Restaurant Guru, Cylex.;257 Google-Bewertungen mit 4,6, aber keine eigene Seite. Die große Karte gehört auf eine eigene Seite mit Telefon-Bestellung.;;keine;https://www.speisekarte.de/amberg-oberpfalz/restaurant/berat_pizza_und_doener
Aschaffenburg;Änderungsschneiderei Aydin;Schneiderei;06021 443571;;;;Wermbachstr. 29, 63739 Aschaffenburg;Innenstadt;Mo–Fr 9–18 Uhr, Sa/So 9–16 Uhr;;Änderungsschneiderei in der Wermbachstraße mit auffällig langen Öffnungszeiten, auch am Wochenende. Kunden loben erfahrene Schneider, kurze Wartezeiten und Flexibilität bei Sonderwünschen.;Änderungen aller Art, Expressänderungen, Sonderwünsche;Eintrag auf mein.aschaffenburg.de plus Verzeichnisse (11880, Mega Branchenbuch, Regionales Firmenverzeichnis).;Sieben Tage die Woche offen ist ein echtes Verkaufsargument, das online niemand sieht. Eine Seite mit „auch Sa und So geöffnet“ ganz oben.;;keine;https://www.11880.com/branchenbuch/aschaffenburg/060690120B29050437/aenderungsschneiderei-aydin.html
Aschaffenburg;Änderungsschneiderei Ismet Eraslan;Schneiderei;06021 4388815;0177 5357937;;Ismet Eraslan;Wermbachstr. 22, 63739 Aschaffenburg;Innenstadt;;;Änderungsschneiderei von Ismet Eraslan in der Wermbachstraße, nur wenige Häuser von der Konkurrenz entfernt. Änderungen und Reparaturen an Kleidung.;Änderungen, Reparaturen;Nur Verzeichnisse (Gelbe Seiten, golocal, Cylex, dialo).;In derselben Straße sitzt eine zweite Schneiderei. Wer online zuerst gefunden wird, bekommt den Auftrag.;;keine;https://www.gelbeseiten.de/gsbiz/f7ea30ff-fb15-4828-bd5e-cf1bd0cc64c8
Aschaffenburg;Das Tapfere Schneiderlein;Schneiderei;06021 96395;;;;Gutwerkstr. 30, 63743 Aschaffenburg;Schweinheim;Mo–Fr 9–18 Uhr, Sa 9–14 Uhr;;Schneiderei mit markantem Märchennamen in Schweinheim. Hosen kürzen, Änderungen aller Art, Lederarbeiten, Vorhänge, Bügeln und Nähen von Kleidung.;Hosen kürzen, Änderungen, Lederarbeiten, Vorhänge, Bügelservice, Neuanfertigung;Facebook-Seite, Foursquare, Cylex, 11880. Keine eigene Website.;Der Name ist Gold fürs Marketing, aber online gibt es nur Facebook. Eine verspielte, einfache Seite mit Leistungen und Zeiten.;;keine;https://www.11880.com/branchenbuch/aschaffenburg/060690120B113344045/das-tapfere-schneiderlein.html
Aschaffenburg;Delüx Döner & More;Imbiss;06021 5848748;;;;Roßmarkt 6, 63739 Aschaffenburg;Innenstadt;;;Türkischer Schnellimbiss am Roßmarkt in der Aschaffenburger Innenstadt. Döner und mehr zum Mitnehmen.;Döner, Dürüm, Pizza, Snacks;Verzeichnisse und eine Facebook-Seite.;Innenstadtlage am Roßmarkt, aber online nur Facebook. Seite mit Speisekarte und Google-Verknüpfung.;Am Roßmarkt gibt es auch „Roßmarkt Döner“ und „Best Döner“, Namen prüfen.;keine;https://www.11880.com/branchenbuch/aschaffenburg/071364395B104748721/deluex-doener-more.html
Aschaffenburg;Fußpflege Gabriele Schaad;Fußpflege;06021 5819634;;;Gabriele Schaad;Rhönstr. 76, 63743 Aschaffenburg;Gailbach;;;Medizinische und kosmetische Fußpflege von Gabriele Schaad, auch als mobile Fußpflege mit Hausbesuchen. Nagelpflege, Hornhautentfernung, Fußbad und Nageldesign für die Füße.;Medizinische Fußpflege, Hausbesuche, Nagelpflege, Hornhautentfernung, Pediküre & Nageldesign;Nur Verzeichnisse (Das Örtliche, 11880, nagelpflege-24, fusspflege-podologie.com).;Hausbesuche werden oft von Angehörigen online gesucht. Eine Seite mit Einzugsgebiet und Preisen.;;keine;https://www.11880.com/branchenbuch/aschaffenburg/110631810B54132174/fusspflege-schaad-gabriele.html
Aschaffenburg;Karadeniz Döner Aschaffenburg – Damm;Imbiss;0163 9667721;;;;Stengerstr. 15, 63741 Aschaffenburg;Damm;Mo–Do 10:30–21:30, Fr 12–21:30, Sa 10:30–21:30, So zu;4,6 Sterne;Döner-Imbiss in der Stengerstraße in Damm, gut bewertet. Großer Döner 9 €, Maxi-Döner 10 €. Sechs Tage die Woche bis abends geöffnet.;Döner, Maxi-Döner, Dürüm, Zum Mitnehmen;Speisekarte.de, Online-Tischreservierung, speisen.com, Waze. Keine eigene Seite.;4,6 Sterne, erreichbar nur über Handynummer. Eine Seite mit Karte, Preisen und Klick-zum-Anrufen.;;keine;https://www.11880.com/branchenbuch/aschaffenburg/071366134B112932491/karadeniz-doener-aschaffenburg-damm.html
Aschaffenburg;Kraus Mobile Medizinische Fußpflege;Fußpflege;06021 771388;;;Heike und Jürgen Kraus;Adelenstr. 2 C, 63743 Aschaffenburg;Obernauer Kolonie;;;Mobile medizinische Fußpflege von Heike und Jürgen Kraus mit Hausbesuchen.;Mobile Fußpflege, Hausbesuche, Medizinische Fußpflege;Telefonbuch-Eintrag bei Das Örtliche.;Angehörige suchen Hausbesuche online. Eine Seite mit Einzugsgebiet und Preisen.;Website noch nicht einzeln geprüft: vor dem Anruf kurz googeln (Link „Google prüfen“).;ungeprüft;https://www.dasoertliche.de/Themen/Kraus-Heike-Mobile-Medizinische-Fu%C3%9Fpflege-Kraus-J%C3%BCrgen-Mobile-Medizinische-Fu%C3%9Fpflege-Aschaffenburg-Obernauer-Kolonie-Adelenstr
Aschaffenburg;Mersin Kebap Haus;Imbiss;06021 401710;;;;Burchardtstr. 1, 63741 Aschaffenburg;Damm;Mo–Sa 10–22 Uhr, So zu;4,7 Sterne (Google, laut Restaurant Guru);Türkischer Imbiss in Damm mit Döner, İskender, Lahmacun, türkischer Pizza, Kalbfleisch-Gerichten und Baklava. Treue Stammkundschaft lobt Geschmack und Service.;Döner, İskender, Lahmacun, Türkische Pizza, Baklava;Yelp (14 Bewertungen), Speisekarten-Portale, Restaurant Guru. Keine eigene Seite.;Bei Google 4,7, aber keine eigene Seite mit Karte. Kritik an Preis und Portionen kann eine Seite mit klarer Preisliste entschärfen.;;keine;https://www.11880.com/branchenbuch/aschaffenburg/071366134B100119282/mersin-kebap-haus.html
Aschaffenburg;Star Döner-Pizzeria;Imbiss;06021 5809880;;;;Schweinheimer Str. 6, 63739 Aschaffenburg;Innenstadt;;;Döner und Pizza in der Schweinheimer Straße, in 11880 mit Festnetznummer eingetragen.;Döner, Pizza;11880-Einträge.;Eine Seite mit Karte und Telefon-Bestellung spart Portalgebühren.;Website noch nicht einzeln geprüft: vor dem Anruf kurz googeln (Link „Google prüfen“).;ungeprüft;https://www.11880.com/branchenbuch/aschaffenburg/071366134B112958743/star-doener-pizzeria.html
Augsburg;Afzali Änderungsschneiderei;Schneiderei;0821 20922965;;;Samad Afzalinia;Wertachstr. 27, 86153 Augsburg;Oberhausen;;;Änderungsschneiderei in der Wertachstraße, auch unter dem Namen Samad Afzalinia gelistet. Online gibt es nur Verzeichniseinträge.;Änderungen, Textilarbeiten;Cylex, 11880, kleinere Verzeichnisse.;Online kaum auffindbar. Eine einfache Seite mit Öffnungszeiten und Preisen macht den Laden bei Google sichtbar.;Öffnungszeiten erfragen.;keine;https://www.11880.com/branchenbuch/augsburg-bayern/060690120B103425631/afzali-aenderungsschneiderei.html
Augsburg;Änderungsschneiderei Aglaia Ntali;Schneiderei;0821 516701;;;Aglaia Ntali;Jakoberstr. 67, 86152 Augsburg;Innenstadt;Mo–Fr 8:30–17, Mi 8:30–12;;Änderungsschneiderei von Aglaia Ntali in der Jakoberstraße in der Augsburger Innenstadt. Geöffnet Mo–Fr 8:30–17 Uhr, mittwochs nur bis 12 Uhr.;Änderungen, Reparaturen;Das Örtliche, golocal, Gelbe Seiten, 11880.;Mitten in der Innenstadt, aber online nur in Verzeichnissen. Eine Seite mit Öffnungszeiten und Preisen für Standardänderungen reicht für den Anfang.;;keine;https://www.11880.com/branchenbuch/augsburg-bayern/060690120B27072423/aglaia-ntali-aenderungsschneiderei.html
Augsburg;Änderungsschneiderei Svetlana Gurin;Schneiderei;0821 2094644;;;Svetlana Gurin;Luther-King-Str. 2, 86156 Augsburg;Kriegshaber;;;Änderungsschneiderei von Svetlana Gurin in der Luther-King-Straße. Sie ist gleichzeitig Annahmestelle der Zirbel Reinigung, Kunden können also Kleidung zum Ändern und zum Reinigen abgeben.;Änderungen, Reinigungsannahme (Zirbel);Nur als Annahmestelle auf der Seite der Zirbel Reinigung und in Verzeichnissen.;Zwei Leistungen in einem Laden, aber keine eigene Seite. Eine Website mit Preisen für Änderungen und Reinigung bringt Kunden aus dem Viertel.;;keine;https://www.11880.com/branchenbuch/augsburg-bayern/060690120B107243511/aenderungsschneiderei-svetlana-gurin.html
Augsburg;Arkadas Imbiss;Imbiss;0821 8106244;;;Hasan Tekin;Maximilianstr. 64, 86150 Augsburg;Innenstadt;;;Döner-Institution an der Maximilianstraße, seit rund 38 Jahren geführt von Hasan Tekin, der selbst hinter der Theke steht. Brot wird selbst gebacken, der Dönerspieß selbst geschichtet, Salat und Gemüse täglich frisch geschnitten. Inzwischen gibt es weitere Filialen am Hauptbahnhof und in Pfersee.;Döner, Selbst gebackenes Brot, Mehrere Filialen;golocal (10 Bewertungen), Interview bei hallo-augsburg, neue-szene.;Mehrere Filialen und eine lange Geschichte, aber keine eigene Seite. Eine Website mit Standorten, Speisekarte und der Geschichte von Hasan Tekin passt perfekt.;;keine;https://www.golocal.de/augsburg/imbiss/arkadas-imbiss-hasan-tekin-5hVwq/
Augsburg;DALLA Änderungsschneiderei;Schneiderei;0821 423272;;;;Donauwörther Str. 25, 86154 Augsburg;Oberhausen;;;Änderungsschneiderei an der Donauwörther Straße in Oberhausen. Online gibt es nur Verzeichniseinträge ohne Öffnungszeiten oder Bewertungen.;Änderungen;Cylex, suchehandwerker, 11880.;Online fast unsichtbar. Eine Seite mit Öffnungszeiten, Preisen und Anfahrt reicht, um bei „Schneiderei Oberhausen“ gefunden zu werden.;Öffnungszeiten erfragen.;keine;https://www.11880.com/branchenbuch/augsburg-bayern/060690120B52910998/dalla-aenderungsschneiderei.html
Augsburg;Döneria;Imbiss;0821 40877829;;;;Biberbachstr., 86154 Augsburg;Oberhausen;;;Imbiss an der Biberbachstraße in Oberhausen. Online gibt es außer dem 11880-Eintrag praktisch nichts.;Döner, Imbiss;Nur 11880.;Komplett unsichtbar im Netz. Eine Seite mit Speisekarte, Adresse und Öffnungszeiten wäre der erste Auftritt überhaupt.;Hausnummer und Öffnungszeiten im Gespräch erfragen.;keine;https://www.11880.com/branchenbuch/augsburg-bayern/071362461B112948266/doeneria.html
Augsburg;Kücük Änderungsschneiderei;Schneiderei;0821 511774;;;;Konrad-Adenauer-Allee 61, 86150 Augsburg;Innenstadt;;Gemischt (9 Bewertungen auf golocal);Änderungsschneiderei an der Konrad-Adenauer-Allee in der Innenstadt. Auf golocal gibt es 9 Bewertungen: Langjährige Kunden loben genaue Arbeit, Pünktlichkeit und Freundlichkeit, einzelne Bewertungen sind kritisch.;Änderungen, Reparaturen;golocal (9 Bewertungen), Das Örtliche, Gelbe Seiten, 11880.;Gemischte Bewertungen lassen sich mit einer eigenen Seite und einem gepflegten Google-Profil ausgleichen, auf dem zufriedene Stammkunden zu Wort kommen.;;keine;https://www.11880.com/branchenbuch/augsburg-bayern/060690120B27892644/kuecuek-aenderungsschneiderei.html
Augsburg;Lech Pizza & Döner;Imbiss;0821 716719;;;;Neuburger Str. 2, 86167 Augsburg;Lechhausen;Di–So 10–22;4,2 Sterne bei rund 650 Bewertungen;Pizzeria und türkischer Imbiss an der Neuburger Straße in Lechhausen, geöffnet Dienstag bis Sonntag 10–22 Uhr. Kunden loben den freundlichen Service und die günstigen Preise für Döner und Pizza.;Pizza, Döner, Pizzaservice;Facebook, Tripadvisor, Speisekarten-Portale.;Viele Bewertungen, aber keine eigene Seite: Speisekarte und Direktbestellung sparen die Provision der Lieferplattformen.;;keine;https://www.11880.com/branchenbuch/augsburg-bayern/071364434B100250110/lech-pizza-doener.html
Augsburg;Metzgerei Gerhard Kaczmarek;Metzgerei;0821 811256;;;Gerhard Kaczmarek;Mittelfeldstr. 80, 86179 Augsburg;Haunstetten;;;Metzgerei von Gerhard Kaczmarek an der Mittelfeldstraße in Haunstetten. Öffnungszeiten sind in den Verzeichnissen nicht hinterlegt, es gibt nur einen Eintrag im Stadtteilportal haunstetten.de.;Fleisch & Wurst;Stadtteilportal haunstetten.de, golocal, Das Örtliche, 11880.;Nicht einmal die Öffnungszeiten stehen online. Eine Seite mit Zeiten, Wochenangeboten und Sortiment ist der erste Schritt.;Öffnungszeiten erfragen.;keine;https://www.11880.com/branchenbuch/augsburg-bayern/071213662B27549450/gerhard-kaczmarek-metzgerei.html
Augsburg;Metzgerei Karl Deppner;Metzgerei;0821 2192920;;;;Flurstr. 35, 86154 Augsburg;Oberhausen;Fr 10–18, Sa 8–12;;Metzgerei in Oberhausen, bekannt für Siebenbürger und Banater Spezialitäten in hervorragender Qualität. Geöffnet nur Freitag 10–18 und Samstag 8–12 Uhr.;Siebenbürger Spezialitäten, Banater Spezialitäten, Wurstwaren;Nur eine einfache Baukasten-Seite (edan.io) und Verzeichniseinträge.;Eine Spezialitäten-Metzgerei mit nur zwei Öffnungstagen: Kunden müssen Zeiten und Angebot online finden. Upgrade von der Baukasten-Seite zu einer richtigen Website.;Hat eine einfache Seite auf edan.io: als Upgrade-Kunde ansprechen.;unklar;https://www.11880.com/branchenbuch/augsburg-bayern/071213662B26880044/karl-deppner-metzgerei.html
Augsburg;Metzgerei Settele;Metzgerei;0821 811461;;;Karl-Heinz und Maximilian Settele (eGbR);Haferstr. 2, 86179 Augsburg;Haunstetten;Mo, Mi, Do 7–12:30 und 14:30–18, Di 7–12:30, Fr 6:45–18, Sa 6:45–12:30;;Familienmetzgerei in Haunstetten, 1965 von Karl Settele an der Haferstraße eröffnet, ursprünglich Teil eines Gasthausbetriebs. Heute führen Karl-Heinz und Maximilian Settele den Betrieb als eGbR und setzen auf Aufzucht, Herkunft und Handwerk mit transparenter Herkunft der Tiere.;Fleisch aus bekannter Herkunft, Wurstwaren, Handwerksmetzgerei;Cylex, onlinestreet, 11880. Das Gasthaus Settele hat eine eigene Seite, die Metzgerei offenbar nicht.;Herkunft und Transparenz sind ihr Thema, und genau das erzählt man am besten auf einer eigenen Website mit Bildern vom Hof und den Tieren.;Vor dem Anruf kurz googeln, ob die Metzgerei eine eigene Seite hat (das Gasthaus Settele hat eine).;unklar;https://www.11880.com/branchenbuch/augsburg-bayern/071213662B28065385/karl-settele-metzgerei.html
Augsburg;Schuh & Schlüssel Oberhausen;Schuhmacher;0821 418615;;;;Matthäus-Lang-Str. 1, 86154 Augsburg;Oberhausen;Mo–Fr 8:30–13 und 14:30–18, Sa 8:30–12:30;;Schuhmacher und Schlüsseldienst in Oberhausen, gleichzeitig Hermes-Paketshop. Geöffnet Mo–Fr 8:30–13 und 14:30–18, Sa 8:30–12:30 Uhr.;Schuhreparatur, Schlüsseldienst, Hermes-Paketshop;Nur Verzeichniseinträge und Paketshop-Suche.;Durch den Paketshop kommen viele Leute in den Laden, die aber nicht wissen, was er sonst kann. Eine Seite mit Leistungen und Preisen.;Laut Stadtbranchenbuch evtl. Inhaber Georg Tezel: im Gespräch nachfragen.;keine;https://www.kaufda.de/Filialen/Augsburg/Schuh-Schluessel-Matthaeus-Lang-Strasse-Hermes-Paketshop/v-f1182366449
Augsburg;SCHUH-ALKAN Schuhreparatur & Schlüsseldienst;Schuhmacher;0821 69710;0821 95926 (zweiter Laden);;Levent Alkan;Friedberger Str. 106, 86163 Augsburg;Hochzoll;;Durchweg positiv (47 Bewertungen auf werkenntdenbesten);Schuhreparatur und Schlüsseldienst von Levent Alkan in Hochzoll, mit einem zweiten Laden an der Bürgermeister-Aurnhammer-Straße. Angeboten werden Schuhreparaturen, Schlüssel, Lederarbeiten, Gravuren und Stempel. Kunden loben schnelle, saubere Arbeit und freundlichen Service.;Schuhreparatur, Schlüsseldienst, Lederarbeiten, Gravuren, Stempel;Instagram @schuh_schluesseldienst_alkan, golocal, werkenntdenbesten (47 Bewertungen).;Zwei Läden und sehr gute Bewertungen, aber nur Instagram. Eine Website mit beiden Standorten und Preisliste.;;keine;https://www.golocal.de/augsburg/sonstige-gewerbe/schuh-alkan-3XsO/
Augsburg;Veili Kaya Döner-Imbiß;Imbiss;0821 584260;0821 47014471 (laut 11880);;;Alter Postweg 97a, 86159 Augsburg;Hochfeld;Mo–Sa 8:30–20;Gemischt;Türkischer Imbiss am Alten Postweg in Hochfeld mit Döner, Sandwiches und Salaten. Geöffnet Mo–Sa 8:30–20 Uhr. Die Bewertungen sind gemischt, gelobt werden Qualität des Fleisches und frisches Gemüse.;Döner, Sandwiches, Salate;Tripadvisor, restaurantguru, öffnungszeitenbuch.;Eine einfache Seite mit Speisekarte und Öffnungszeiten, dazu ein gepflegtes Google-Profil gegen das gemischte Bewertungsbild.;Auch als „Kaya Döner & Pizza“ gelistet.;keine;https://www.11880.com/branchenbuch/augsburg-bayern/071366134B100751645/veili-kaya-doener-imbiss.html
Bamberg;Die Änderungsschneiderei Manuela Schmitt;Schneiderei;0176 38190026;;;Manuela Schmitt;Hirschbühlstr. 12, 96050 Bamberg;Bamberg-Süd;Mo–Mi 8–12, Fr 14:30–18;;Kleine Änderungsschneiderei von Manuela Schmitt in der Hirschbühlstraße, erreichbar über eine Handynummer. Geöffnet Mo–Mi 8–12 und Fr 14:30–18 Uhr.;Änderungen, Textilarbeiten;Gelbe Seiten, Cylex, koomio, 11880.;Kurze Öffnungszeiten und nur eine Handynummer: Eine Seite mit Zeiten und Terminanfrage macht es Kunden viel leichter.;;keine;https://www.11880.com/branchenbuch/bamberg/060690120B107452617/aenderungsschneiderei-schmitt.html
Bamberg;Konrad Imbiss;Imbiss;0160 4445559;;;;Coburger Str. 35, 96052 Bamberg;Bamberg-Nord;Mo–Fr 8–13:30;Sehr positive Bewertungen;Imbiss an der Coburger Straße, der nur werktags von 8 bis 13:30 Uhr geöffnet hat, also klar auf Frühstück und Mittagessen für die umliegenden Betriebe ausgerichtet. Kunden loben gutes Essen, sehr gutes Preis-Leistungs-Verhältnis und freundlichen Service.;Frühstück, Mittagstisch, Imbiss;online-tischreservierung, tasda, speisen.com.;Ein Mittagsimbiss lebt von Stammgästen aus der Umgebung. Eine Seite mit Wochenkarte und Vorbestellung für Firmen.;;keine;https://www.11880.com/branchenbuch/bamberg/071362461B113450797/konrad-imbiss.html
Bamberg;Marinas Änderungsschneiderei (Marina Baier);Schneiderei;0951 3095705;;;Marina Baier;Steigerwaldstr. 2, 96049 Bamberg;Gaustadt;Mo, Mi, Fr 9–12 und 13–18, Di und Do 14–18, Sa 9–13;3,7 Sterne bei 3 Bewertungen;Änderungsschneiderei von Marina Baier in der Steigerwaldstraße in Gaustadt, seit 2007 am Markt und bekannt für gute Qualität zu fairen Preisen. Die Öffnungszeiten wechseln täglich, zum Beispiel Di und Do nur nachmittags.;Änderungen, Reparaturen;golocal (3 Bewertungen), Das Örtliche, Gelbe Seiten, 11880.;Bei den wechselnden Öffnungszeiten stehen Kunden leicht vor verschlossener Tür. Eine Seite mit Zeiten und Preisen löst das.;;keine;https://www.11880.com/branchenbuch/bamberg/060690120B107438263/aenderungsschneiderei-marinas-aenderungsschneiderei.html
Bamberg;Marmaris Kebab Haus;Imbiss;0951 23358;;;;Obere Königstr. 9, 96052 Bamberg;Innenstadt;;Positive Bewertungen (39 bei Yelp);Türkisches Kebab-Haus in der Oberen Königstraße, geöffnet bis Mitternacht, mit Außenplätzen und Abholung. Bei Tripadvisor unter den Top 70 von 268 Restaurants in Bamberg, gelobt werden der Döner und der schnelle, freundliche Service.;Döner Kebab, Türkische Küche, Außenplätze;Yelp (39 Bewertungen), Tripadvisor, speisekarte.de, Untappd.;Gute Bewertungen und viele Touristen in der Altstadt: Eine zweisprachige Seite mit Speisekarte bringt Laufkundschaft.;;keine;https://www.11880.com/branchenbuch/bamberg/071366134B27671551/marmaris-kebab-haus.html
Bamberg;Metzgerei Matthias Alt;Metzgerei;0951 17623;;;Matthias Alt;Erlichstr. 52, 96050 Bamberg;Bamberg-Süd;;;Traditionsmetzgerei in der Erlichstraße, in der seit 1934 Wurst selbst hergestellt wird. Heute führen Matthias Alt und seine Frau den Betrieb (e.K.). Nach einer mehrwöchigen Schließung Anfang 2025 wegen Krankheit hat sie wieder geöffnet, die Presse (inFranken) hat darüber berichtet.;Hausgemachte Wurst, Fleisch, Traditionsbetrieb seit 1934;Facebook, Instagram, 100prozentbamberg, Presseartikel bei inFranken.;Die Wiedereröffnung und die lange Tradition sind eine Geschichte, die eine eigene Website gut erzählen kann, statt nur Facebook-Posts.;;keine;https://www.11880.com/branchenbuch/bamberg/071213662B27855808/matthias-alt-metzgerei.html
Bamberg;Zarka Imbiss;Imbiss;0177 4845103;;;;Luitpoldstr. 21, 96052 Bamberg;Gärtnerstadt;;5 Sterne bei Tripadvisor;Neuer türkischer Imbiss an der Luitpoldstraße, eröffnet in den Räumen des früheren „Suppenschöpfer“, worüber der Fränkische Tag berichtet hat. Bei Tripadvisor bisher mit 5 von 5 bewertet.;Türkische Küche, Döner, Imbiss;Artikel im Fränkischen Tag, Tripadvisor, golocal.;Frisch eröffnet und noch ohne Online-Auftritt: jetzt ist der beste Zeitpunkt für eine Website mit Speisekarte und Öffnungszeiten.;Öffnungszeiten und Inhaber erfragen.;keine;https://www.11880.com/branchenbuch/bamberg/071366134B112963064/zarka-imbiss.html
Bayreuth;Änderungsschneiderei Beate Wölfel;Schneiderei;0171 9714510;0921 61366;;Beate Wölfel;St.-Nikolaus-Str. 4, 95445 Bayreuth;Altstadt;;;Änderungsschneiderei von Beate Wölfel in der St.-Nikolaus-Straße in der Bayreuther Altstadt, erreichbar über Handy und Festnetz. Online gibt es nur Verzeichniseinträge.;Änderungen, Reparaturen;Das Örtliche, Gelbe Seiten, Das Telefonbuch.;Online kaum auffindbar. Eine einfache Seite mit Öffnungszeiten, Preisen und beiden Telefonnummern.;Öffnungszeiten erfragen.;keine;https://www.dasoertliche.de/Themen/W%C3%B6lfel-Beate-%C3%84nderungsschneiderei-Bayreuth-Altstadt-St-Nikolaus-Str
Bayreuth;Bayreuth Döner No. 1;Imbiss;0921 78694829;;;;Annecyplatz 1, 95444 Bayreuth;Innenstadt;Mo–Do 10–3, Fr–Sa 10–5, So 12–2;;Döner-Imbiss am Annecyplatz mit extrem langen Öffnungszeiten: Mo–Do 10–3, Fr und Sa 10–5, So 12–2 Uhr. Bekannt für Döner und Dürüm, beliebt sind Hähnchen-Döner und das Chilipulver. Gelobt werden Qualität und freundliches Personal.;Döner, Dürüm, Nachtimbiss;Facebook-Seite, Cylex, speisen.com.;Der Nachtimbiss der Stadt: Wer um 3 Uhr Hunger hat, sucht auf dem Handy. Eine Seite mit Öffnungszeiten und Karte fängt diese Kunden ab.;;keine;https://www.11880.com/branchenbuch/bayreuth/071366134B113150007/bayreuth-doener-no-1.html
Bayreuth;Memo's Berlin Döner;Imbiss;0921 80027730;;;Mehmet und Murat Tunc;Maximilianstr. 89, 95444 Bayreuth;Innenstadt;täglich 10–22, Mi 24 Stunden;4,5 Sterne bei rund 1.025 Google-Bewertungen;Döner nach Berliner Art an der Maximilianstraße, geführt von den Brüdern Mehmet und Murat Tunc. Täglich 10–22 Uhr geöffnet (mittwochs rund um die Uhr), Wahl zwischen Pute und Kalb, nur Barzahlung. Mit über 1.000 Google-Bewertungen einer der beliebtesten Döner in Bayreuth.;Berliner Döner, Pute oder Kalb, Barzahlung;Facebook (als Website hinterlegt), Instagram @memos_berlin_doener, YouTube, doeneratlas.;Über 1.000 Bewertungen und Facebook als Website: Eine eigene Seite mit Speisekarte und der Geschichte der Brüder ist der nächste Schritt.;;keine;https://www.yelp.com/biz/memos-berlin-d%C3%B6ner-bayreuth
Bayreuth;Metzgerei & Gasthof Elbel;Metzgerei;0921 52906;;;;Oberkonnersreuther Str. 18, 95448 Bayreuth;Oberkonnersreuth;;;Metzgerei mit Gaststätte und Pension in Oberkonnersreuth. Der Nordbayerische Kurier hat berichtet: Die Wursttheke hat inzwischen nur noch samstags geöffnet und ist trotzdem der Dorftreffpunkt.;Metzgerei, Gaststätte, Pension;Artikel im Nordbayerischen Kurier, golocal, meinestadt.;Metzgerei, Wirtshaus und Pension in einem, aber nichts davon online buchbar. Eine Seite mit Zimmern, Speisekarte und Wurstverkauf am Samstag.;Wursttheke laut Presse nur samstags geöffnet.;keine;https://www.11880.com/branchenbuch/bayreuth/071213662B33239085/elbel-metzgerei.html
Bayreuth;Metzgerei Norbert Zapf;Metzgerei;0921 20798;;;Norbert Zapf;Schulstr. 13, 95444 Bayreuth;Innenstadt;;;Traditionelle Metzgerei von Norbert Zapf in der Schulstraße, die auch Partyservice und Catering anbietet.;Fleisch & Wurst, Partyservice, Catering;Cylex, diebestenderstadt, metzgereien.net.;Partyservice und Catering werden online angefragt. Eine Seite mit Angebot, Preisbeispielen und Anfrageformular.;;keine;https://www.11880.com/branchenbuch/bayreuth/071213662B100109473/norbert-zapf.html
Coburg;Imbiss Umut Döner;Imbiss;0172 4285131;;;;Mohrenstr. 21, 96450 Coburg;Innenstadt;Mo–Fr 10–19, Sa 10–18 Uhr;;Türkischer Döner-Imbiss in der Mohrenstraße im Zentrum von Coburg. Laut Bewertungen wird der Döner täglich frisch zubereitet.;Döner, Dürüm, Zum Mitnehmen;Nur Verzeichnisse (Das Telefonbuch, golocal, goYellow, 11880).;Innenstadtlage, aber online kaum sichtbar. Eine Seite mit Speisekarte und Mittagsangebot.;;keine;https://www.11880.com/branchenbuch/coburg/071366134B104759764/imbiss-umut-doener.html
Coburg;Imbissbude (Döner, Hähnchen);Imbiss;01525 6408653;;;;Ketschendorfer Str. 122, 96450 Coburg;Ketschendorf;;;Imbiss mit Döner und Grillhähnchen an der Ketschendorfer Straße.;Döner, Grillhähnchen;11880-Eintrag.;Nicht mal ein richtiger Name online. Name, Seite und Google-Profil machen den Laden auffindbar.;Website noch nicht einzeln geprüft: vor dem Anruf kurz googeln (Link „Google prüfen“).;ungeprüft;https://www.11880.com/branchenbuch/coburg/071366134B112684764/imbissbude-doener-haenchen.html
Coburg;Schneiderei Ali;Schneiderei;09561 2342700;;;;Metzgergasse 2, 96450 Coburg;Innenstadt;Mo–Fr 9:30–18:30, Sa 10–16 Uhr;;Schneiderei in der Metzgergasse mit präzisen Änderungen und individuellen Anpassungen. Kunden loben sorgfältige Arbeit, freundlichen Service, faire Preise und dass er sich Zeit für Sonderwünsche nimmt.;Änderungen, Individuelle Anpassungen, Sonderwünsche;Instagram (@schneiderei__ali), 11880, Onlinestreet.;Zeigt seine Arbeit auf Instagram, hat aber keine Seite, die bei Google gefunden wird. Seite mit Instagram-Galerie.;;keine;https://www.11880.com/branchenbuch/coburg/060694693B112700897/schneiderei-ali.html
Coburg;SV Änderungsschneiderei & Schlüsseldienst;Schneiderei;01573 6605389;;;;Judengasse 4, 96450 Coburg;Innenstadt;;;Kombination aus Änderungsschneiderei und Schlüsseldienst in der Judengasse in der Coburger Innenstadt. Kunden loben die genaue Arbeit an Hosen, Mänteln und Jacken, oft in kurzer Zeit fertig.;Änderungen, Hosen, Mäntel, Jacken, Schlüsseldienst, Schlüssel nachmachen;11880 und Schneider-Verzeichnisse, eine E-Mail-Adresse ist hinterlegt.;Schlüsseldienst ist ein Suchbegriff mit hoher Kaufabsicht („Schlüssel nachmachen Coburg“). Eine Seite für beide Leistungen holt Laufkundschaft von Google.;E-Mail laut 11880 vorhanden, aber im Suchergebnis verdeckt. Am Telefon erfragen.;keine;https://www.11880.com/branchenbuch/coburg/060694693B112570347/sv-aenderungsschneiderei.html
Erlangen;Änderungsschneiderei Efthalia Weiß;Schneiderei;09131 771906;;;Efthalia Weiß;Bunsenstr. 39A, 91058 Erlangen;Bruck;Mi 8–14 und 15–18, sonst nach Vereinbarung;;Änderungsschneiderei von Efthalia Weiß in der Bunsenstraße in Bruck. Der Laden ist mittwochs 8–14 und 15–18 Uhr geöffnet, sonst nach telefonischer Vereinbarung.;Änderungen, Termine nach Vereinbarung;sellwerk, golocal, Gelbe Seiten, 11880.;Termine laufen nur übers Telefon. Eine Seite mit Terminanfrage-Formular spart ihr Anrufe und bringt neue Kunden.;;keine;https://www.11880.com/branchenbuch/erlangen/060694693B106305924/weiss-schneiderei.html
Erlangen;Änderungsschneiderei Özdemir;Schneiderei;09131 209242;;;;Henkestr. 8, 91054 Erlangen;Innenstadt;Mo–Fr 8–20, Sa 8–16;Gemischt;Änderungsschneiderei von S. Özdemir in der Henkestraße in der Innenstadt, mit langen Öffnungszeiten: Mo–Fr 8–20, Sa 8–16 Uhr. Kunden bringen vor allem Hosen, Kleider und Anzüge. Die Bewertungen sind gemischt, gelobt werden Zuverlässigkeit und Preise.;Änderungen, Hosen, Kleider, Anzüge;Yelp, Cylex, diebestenderstadt, 11880.;Lange Öffnungszeiten bis 20 Uhr sind ein echtes Argument für Berufstätige. Eine Seite, die das zeigt, dazu ein gepflegtes Google-Profil gegen das gemischte Bild.;;keine;https://www.11880.com/branchenbuch/erlangen/060694693B54072315/aenderungsschneiderei-oezdemir-s.html
Erlangen;Änderungsschneiderei Tapferes Schneiderlein;Schneiderei;09131 6239905;;;;Westliche Stadtmauerstr. 27, 91054 Erlangen;Innenstadt;;;Änderungsschneiderei an der Westlichen Stadtmauerstraße in der Erlanger Innenstadt.;Änderungen, Reparaturen;11880-Eintrag.;Einprägsamer Name, online kaum sichtbar. Eine Seite mit Leistungen und Zeiten.;Website noch nicht einzeln geprüft: vor dem Anruf kurz googeln (Link „Google prüfen“).;ungeprüft;https://www.11880.com/branchenbuch/erlangen/060690120B101908055/aenderungsschneiderei-tapferes-schneiderlein.html
Erlangen;Balkan Döner;Imbiss;0174 9295918;;;;Äußere Tennenloher Str. 5, 91058 Erlangen;Tennenlohe;Mo–Fr 10:30–19, Sa 10:30–16;4,6 Sterne;Döner-Imbiss an der Äußeren Tennenloher Straße, geöffnet Mo–Fr 10:30–19 und Sa 10:30–16 Uhr. Gelobt werden frisches Brot, knuspriges Fleisch, knackiger Salat, mehrere Soßen und freundlicher Service, bei günstigen Preisen.;Döner, Frisches Brot, Mehrere Soßen;Facebook, Tripadvisor, restaurantguru, TikTok-Erwähnungen.;Mittagsgeschäft im Gewerbegebiet Tennenlohe: Eine Seite mit Speisekarte und Vorbestellung für Büros bringt planbare Umsätze.;;keine;https://www.11880.com/branchenbuch/erlangen/071366134B112876430/balkan-doener.html
Erlangen;Mode Änderungsatelier (im Peek & Cloppenburg);Schneiderei;09131 97791225;;;;Nürnberger Str. 2-4, 91052 Erlangen;Innenstadt;;;Änderungsatelier im Modehaus Peek & Cloppenburg in der Nürnberger Straße, ändert auch für Laufkundschaft.;Änderungen, Kürzen, Anpassen neuer Kleidung;Nur ein Verzeichniseintrag.;Kunden außerhalb des Modehauses wissen oft nicht, dass sie dort ändern lassen können. Eine eigene Seite macht das bekannt.;Website noch nicht einzeln geprüft: vor dem Anruf kurz googeln (Link „Google prüfen“). Klären, ob selbstständig oder von P&C betrieben.;ungeprüft;https://www.11880.com/suche/aenderungsschneiderei/erlangen
Erlangen;Pia's Änderungsstübchen & Accessoires;Schneiderei;09131 4003917;;;;Hartmannstr. 136, 91058 Erlangen;Erlangen-Süd;;;Kleines Änderungsatelier mit Accessoires in der Hartmannstraße in Erlangen-Süd (Sebaldussiedlung). Online gibt es nur Verzeichniseinträge.;Änderungen, Accessoires;Nur Das Örtliche, golocal, Cylex, 11880.;Änderungen plus selbst gemachte Accessoires: Das lässt sich auf einer kleinen Website mit Bildern schön zeigen.;Inhaberin und Öffnungszeiten erfragen.;keine;https://www.11880.com/branchenbuch/erlangen/060690120B41959021/pia-s-aenderungsstuebchen-u-accessoires-schneiderei.html
Fürth;Akman Änderungsschneiderei;Schneiderei;0911 7498559;;;;Hirschenstr. 2a, 90762 Fürth;Innenstadt;Mo, Di, Do, Fr 13–18, Sa 10–14;4,1 Sterne bei 27 Bewertungen;Änderungsschneiderei in der Hirschenstraße am Technischen Rathaus, neben der Wollstube Reichel. Hochwertige Änderungen an Hemden, Hosen und anderer Kleidung, barrierefrei zugänglich. Kunden loben faire Preise und freundlichen Service.;Änderungen, Hemden & Hosen, Barrierefrei;Cylex, vebidoo, firmania, 11880.;Knapp 30 Bewertungen und ungewöhnliche Öffnungszeiten (nur nachmittags): Genau die müssen Kunden online finden. Eine Seite mit Zeiten und Preisen.;;keine;https://www.11880.com/branchenbuch/fuerth-bayern/060690120B112553729/akman-aenderungsschneiderei.html
Fürth;Änderungsschneiderei Cornel Sangeorzan;Schneiderei;0911 711071;;;Cornel Sangeorzan;Herrnstr. 58, 90763 Fürth;Südstadt;Di–Do 9–18;4,6 Sterne bei 55 Bewertungen;Änderungsschneiderei von Cornel Sangeorzan in der Herrnstraße in der Fürther Südstadt, geöffnet Di–Do 9–18 Uhr. Mit 55 Bewertungen und 4,6 Sternen eine der bestbewerteten Schneidereien in Fürth.;Änderungen, Reparaturen;Yelp, Cylex, dasistnah, mabea-collection.;Sehr gut bewertet, aber nur drei Tage offen. Eine Seite mit Zeiten, Preisen und den Bewertungen holt Kunden aus ganz Fürth.;;keine;https://www.11880.com/branchenbuch/fuerth-bayern/060690120B112661576/cornel-sangeorzan-aenderungsschneiderei.html
Fürth;Yaprak Döner Fürth;Imbiss;0911 54058353;;;;Schwabacher Str. 58, 90762 Fürth;Innenstadt;Mo–Sa 9–22;4,6 Sterne bei rund 323 Bewertungen;Döner-Laden an der Schwabacher Straße, Mo–Sa 9–22 Uhr geöffnet. Neben Döner gibt es Pide, Lahmacun, Börek, Baklava und türkische Suppen wie Kuttel- und Kalbskopfsuppe. Kunden nennen ihn den besten Döner der Region, alles frisch.;Döner, Pide & Lahmacun, Börek, Türkische Suppen, Lieferung über Uber Eats;Uber Eats, Tripadvisor, online-tischreservierung.;Über 300 sehr gute Bewertungen und eine ungewöhnliche Karte mit Suppen. Eine eigene Seite mit Speisekarte und Direktbestellung.;;keine;https://furth.deutschbranchenbuch.com/meal-takeaway/yaprak-doner-furth/
Hof;Änderungsschneiderei Brigitte Knauer;Schneiderei;09281 3315;;;Brigitte Knauer;Pfarr 12, 95028 Hof;Innenstadt;;;Änderungsschneiderei von Brigitte Knauer an der Pfarr, mit vierstelliger Festnetznummer seit Jahrzehnten im Telefonbuch.;Änderungen, Reparaturen;11880-Eintrag.;Traditionsbetrieb ohne Online-Auftritt. Eine Visitenkarten-Seite mit Zeiten.;Website noch nicht einzeln geprüft: vor dem Anruf kurz googeln (Link „Google prüfen“).;ungeprüft;https://www.11880.com/branchenbuch/hof-saale/060690120B113193619/brigitte-knauer.html
Hof;Günes Imbiss;Imbiss;09281 839639;;;Nejdat Günes;Bismarckstr. 19, 95028 Hof;Innenstadt;täglich 10–22 Uhr;;Türkischer Imbiss von Nejdat Günes in der Bismarckstraße mit Gastraum und Pizza-Döner-Lieferservice. Täglich geöffnet, reichlich Parkplätze direkt hinter dem Lokal.;Döner, Pizza, Lieferservice, Parkplätze;Facebook-Seite, golocal, Restaurant Guru, Cylex.;Hat einen Lieferservice, aber keine eigene Bestellseite. Eine Seite mit Karte und Telefon-Bestellung spart Portalgebühren.;;keine;https://www.11880.com/branchenbuch/hof-saale/071366134B50912730/guenes-imbiss.html
Hof;Imam's Döner Imbiss;Imbiss;0176 81100790;;;;Gabelsbergerstr. 71, 95028 Hof;;;;Döner-Imbiss in der Gabelsbergerstraße, erreichbar über Handynummer.;Döner, Dürüm;11880-Eintrag.;Eine Seite mit Speisekarte und Klick-zum-Anrufen.;Website noch nicht einzeln geprüft: vor dem Anruf kurz googeln (Link „Google prüfen“).;ungeprüft;https://www.11880.com/branchenbuch/hof-saale/071362461B113089587/imam-s-doener-imbiss.html
Hof;Istanbul Imbiss;Imbiss;09281 5932346;;;;Kulmbacher Str. 39, 95030 Hof;Moschendorf;;;Türkischer Imbiss an der Kulmbacher Straße.;Döner, Türkische Gerichte;11880-Eintrag.;Eine Seite mit Speisekarte und Telefon-Bestellung.;Website noch nicht einzeln geprüft: vor dem Anruf kurz googeln (Link „Google prüfen“).;ungeprüft;https://www.11880.com/branchenbuch/hof-saale/071362461B112781655/istanbul-imbiss.html
Hof;NailStar Nagelstudio & Änderungsschneiderei;Schneiderei;09281 7534489;;;;Luitpoldstr. 7, 95028 Hof;Innenstadt;;gemischt;Ungewöhnliche Kombination aus Nagelstudio und Änderungsschneiderei in der Luitpoldstraße. Ein Kunde lobt aufgenähte Patches auf der Lederjacke und eine sehr freundliche Inhaberin, ein anderer war mit gekürzten Hosen unzufrieden.;Nageldesign, Maniküre, Änderungen, Patches & Lederjacken;Nur 11880 und localitybiz.;Zwei Geschäfte in einem, beide online unsichtbar. Eine Seite mit zwei Bereichen und Online-Terminbuchung fürs Nagelstudio.;;keine;https://www.11880.com/branchenbuch/hof-saale/060690120B113234276/nailstar-nagelstudio-aenderungsschneiderei.html
Hof;Uludag Imbiss;Imbiss;09281 160680;;;;Luitpoldstr. 9, 95028 Hof;Innenstadt;Mo–Do 10–23, Fr 10–2, Sa 11–24 Uhr;4,5 Sterne (453 Google-Bewertungen);Türkischer Imbiss in der Luitpoldstraße mit sehr vielen Google-Bewertungen und langen Öffnungszeiten, freitags bis 2 Uhr nachts.;Döner, Türkische Gerichte, Nachts geöffnet;Verzeichnisse und eine Seite auf dem Baukasten eatbu.com.;453 Bewertungen mit 4,5, aber nur eine Baukasten-Seite. Eine richtige Seite mit eigener Domain und Google-Verknüpfung.;Es gibt eine einfache eatbu.com-Seite (Baukasten), keine eigene Domain.;unklar;https://www.11880.com/branchenbuch/hof-saale/071362461B107294450/uludag-imbiss-imbiss.html
Ingolstadt;Änderungsschneiderei Ingrid Lindner;Schneiderei;0841 9516230;;;Ingrid Lindner;Starenweg 1, 85055 Ingolstadt;Etting;;;Änderungsschneiderei von Ingrid Lindner im Starenweg in Etting, gelistet unter Schneidereien und Stickereien. Online gibt es nur Verzeichniseinträge.;Änderungen, Stickerei;golocal, Das Telefonbuch, Cylex, handwerker-anzeiger.;Etting liegt am Stadtrand, Kunden finden sie nur über Empfehlung. Eine kleine Seite mit Leistungen und Öffnungszeiten macht sie auffindbar.;Öffnungszeiten erfragen.;keine;https://www.11880.com/branchenbuch/ingolstadt-donau/060690120B74563857/ingrid-lindner-aenderungsschneiderei.html
Ingolstadt;Änderungsschneiderei S & N;Schneiderei;0841 9678679;;;;Dollstr. 12, 85049 Ingolstadt;Altstadt;;5 Sterne (1 Bewertung);Änderungsschneiderei in der Dollstraße in der Altstadt. Laut ihrer Facebook-Seite machen sie Änderungen aller Art, Pelz- und Lederarbeiten, Maßanfertigung, Brautmode, Stickerei und Gardinen. Kunden loben saubere, ordentliche Arbeit und Zuverlässigkeit.;Änderungen, Pelz & Leder, Maßanfertigung, Brautmode, Stickerei, Gardinen;Facebook-Seite, dialo, suchehandwerker, 11880.;Ein breites Angebot bis zu Brautmode und Pelz, das nur auf Facebook steht. Eine Website mit Leistungen und Bildern bringt gezielte Anfragen.;;keine;https://www.11880.com/branchenbuch/ingolstadt-donau/060690120B100121696/aenderungsschneiderei-s-n.html
Ingolstadt;Efe's Imbiss Döner & More;Imbiss;0841 23238403;;;;Haunwöhrer Str. 75, 85051 Ingolstadt;Südost;Mo–Fr 10–20, Sa 11–19:30;5 Sterne (4 Bewertungen auf golocal);Döner-Imbiss an der Haunwöhrer Straße, geöffnet Mo–Fr 10–20 und Sa 11–19:30 Uhr. Telefonische Vorbestellung zum Abholen ist möglich, bezahlt wird bar.;Döner, Imbiss, Telefonbestellung;Facebook, golocal (4 Bewertungen), Das Örtliche, speisekarte.de.;Telefonbestellungen laufen schon. Eine Seite mit Speisekarte und Bestellknopf macht daraus mehr Aufträge.;;keine;https://www.11880.com/branchenbuch/ingolstadt-donau/071366134B107204617/efe-s-imbiss-doener-more.html
Ingolstadt;ELSE Änderungsschneiderei & Reinigungsannahme;Schneiderei;0162 9661783;;else.schneiderei@gmail.com;;Schulstr. 1, 85049 Ingolstadt;Altstadt;;;Änderungsschneiderei mit Reinigungsannahme in der Schulstraße in der Innenstadt. Angeboten werden Änderungen, Reparaturen, Kürzen und Verlängern, Reißverschlüsse tauschen und das Anpassen von Abendkleidern.;Änderungen, Reparaturen, Reißverschlüsse, Abendkleider, Reinigungsannahme;Eintrag beim Innenstadtverein IN-City e.V., 11880. Kontakt über eine Gmail-Adresse.;Neu in der Innenstadt und nur über eine Gmail-Adresse erreichbar. Eine eigene Seite mit Domain-E-Mail wirkt sofort professioneller.;;keine;https://www.11880.com/branchenbuch/ingolstadt-donau/060690120B113282010/else-aenderungsschneiderei.html
Ingolstadt;Esen Döner Imbiss;Imbiss;0176 82838966;;;;Gaimersheimer Str. 60, 85057 Ingolstadt;Nordwest;täglich 9–20;;Döner-Imbiss (ursprünglich Dönerwagen) an der Gaimersheimer Straße, täglich 9–20 Uhr geöffnet, auch halal. Nur zum Mitnehmen, keine Lieferung. Stammgäste nennen ihn den besten Döner Ingolstadts.;Döner, Halal, Zum Mitnehmen;foursquare, Cylex, restaurantguru, werkenntdenbesten.;„Bester Döner Ingolstadts“ steht bisher nur in Bewertungen. Eine eigene Seite mit Speisekarte und diesen Stimmen.;;keine;https://www.11880.com/branchenbuch/ingolstadt-donau/071366134B102456437/esen-imbiss-doenerwagen.html
Ingolstadt;Imbiß City-Döner;Imbiss;0841 9312965;;;;Schmalzingergasse 11, 85049 Ingolstadt;Altstadt;Mo–Mi, Fr, Sa 10–24, Do 10–23:30, So 10–22;4,3 Sterne bei rund 366 Google-Bewertungen;Türkischer Imbiss in der Schmalzingergasse in der Altstadt, rund 450 Meter vom ZOB. Geöffnet fast täglich bis Mitternacht (So bis 22 Uhr). Kunden loben Qualität, faire Preise und die Gastfreundschaft des Inhabers.;Döner, Türkisches Fast Food;gastroguide, Tripadvisor, doeneratlas, restaurantguru.;Über 360 Google-Bewertungen, aber keine eigene Seite. Speisekarte und Öffnungszeiten online, dazu Direktbestellung.;;keine;https://www.11880.com/branchenbuch/ingolstadt-donau/071366134B53101714/imbiss-city-doener.html
Kempten;Änderungsschneiderei Schulz;Schneiderei;0831 25300720;;;;Fürstenstr. 12, 87439 Kempten (Allgäu);Innenstadt;Mo–Fr 9–13 und 14–17 Uhr, Mi nur 9–13, Sa 9–12 Uhr;5,0 Sterne (26 Bewertungen);Änderungsschneiderei in der Fürstenstraße mit dem Motto „Wir ändern, was Ihnen nicht passt!“. Änderungen für Kleidung aller Art, Laden ist barrierefrei zugänglich. Sehr gut bewertet.;Änderungen aller Art, Kürzen & Enger machen, Reißverschlüsse;Verzeichnisse (11880, Cylex, dialo) und Bewertungsportale, keine eigene Seite.;26 Bewertungen mit 5,0 Sternen und ein fertiger Slogan, aber keine Website. Die guten Bewertungen auf eine eigene Seite holen, dazu Preise und Zeiten.;;keine;https://www.11880.com/branchenbuch/kempten-allgaeu/060690120B112899867/aenderungsschneiderei-schulz.html
Kempten;Änderungsschneiderei „Perle“;Schneiderei;0831 13852;;;;Bäckerstr. 4, 87435 Kempten (Allgäu);Altstadt;laut 11880 meist nachmittags 14–18 Uhr, Di/Do/Fr auch vormittags;5 Sterne (2 Bewertungen);Änderungsschneiderei in der Bäckerstraße mitten in der Kemptener Altstadt. Laut Verzeichnissen Änderungen aller Art für Damen, Herren und Kinder, auch Brautkleider, Abendkleider, Dirndl, Lederhosen, Pelz und Leder, dazu Reißverschlüsse, Knöpfe, Bettwäsche und Vorhänge.;Änderungen aller Art, Brautkleider & Abendkleider, Dirndl & Lederhosen, Leder & Pelz, Reißverschlüsse, Vorhänge & Bettwäsche;Nur Verzeichnisse: Cylex, 11880, Firmania, Reparatur-Marktplatz des ZAK.;Großes Leistungsspektrum (Tracht, Braut, Leder), aber nirgends eine eigene Seite. Gerade Dirndl- und Brautkunden suchen online, eine Seite mit Leistungen und Zeiten bringt da direkt Aufträge.;Öffnungszeiten in den Verzeichnissen widersprüchlich, am besten nachmittags anrufen.;keine;https://www.11880.com/branchenbuch/kempten-allgaeu/060690120B27006811/aenderungsschneiderei-perle.html
Kempten;Dönerland;Imbiss;0831 5408951;;;;Wiesstr. 19, 87435 Kempten (Allgäu);Innenstadt;Mo–Sa 9–17 Uhr, So zu;;Döner-Imbiss in der Kemptener Innenstadt, geöffnet Montag bis Samstag tagsüber. Klassischer Döner im knusprigen Fladenbrot mit frischem Salat, Zwiebeln, Tomaten, Paprika und Gurken, schnell zubereitet.;Döner im Fladenbrot, Dürüm, Salate, Mittagstisch;11880, Online-Tischreservierung, Die Besten der Stadt. Keine eigene Seite, kein Lieferportal gefunden.;Mittagsgeschäft in der Innenstadt: eine Seite mit Speisekarte, Preisen und Mittagsangebot, bei Google verknüpft.;11880 listet teils „Poststr. 19“, andere Quellen Wiesstr. 19.;keine;https://www.11880.com/branchenbuch/kempten-allgaeu/071366134B112804114/doenerland.html
Kempten;Fußpflege Hieberstraße;Fußpflege;0831 204351;;;;Hieberstr. 14, 87435 Kempten (Allgäu);;;;Fußpflege in der Hieberstraße, bei Das Örtliche mit Festnetznummer eingetragen.;Fußpflege;Nur ein Telefonbuch-Eintrag.;Eine einfache Seite mit Preisen und Terminanfrage.;Website noch nicht einzeln geprüft: vor dem Anruf kurz googeln (Link „Google prüfen“). Name im Suchergebnis nicht angezeigt, am Telefon erfragen.;ungeprüft;https://www.dasoertliche.de/Themen/Fu%C3%9Fpflege/Kempten-Allg%C3%A4u.html
Kempten;Fußpflege Maler-Lochbihler-Straße;Fußpflege;0831 5406305;;;;Maler-Lochbihler-Str. 4, 87435 Kempten (Allgäu);;;;Fußpflege in der Maler-Lochbihler-Straße, bei Das Örtliche mit Festnetznummer eingetragen.;Fußpflege;Nur ein Telefonbuch-Eintrag.;Eine einfache Seite mit Preisen und Terminanfrage.;Website noch nicht einzeln geprüft: vor dem Anruf kurz googeln (Link „Google prüfen“). Name im Suchergebnis nicht angezeigt, am Telefon erfragen.;ungeprüft;https://www.dasoertliche.de/Themen/Fu%C3%9Fpflege/Kempten-Allg%C3%A4u.html
Kempten;Fußpflege Studio im Brodkorbweg;Fußpflege;0831 5658246;01514 2515539;;Bärbel Hartmann;Brodkorbweg 17, 87437 Kempten (Allgäu);;;;Kleines Fußpflegestudio im Brodkorbweg, geführt von Bärbel Hartmann. Termine, Zeiten und Preise nur telefonisch. In Portalen positiv bewertet.;Fußpflege, Nagelpflege, Hornhautentfernung;Nur Verzeichnisse (11880, fusspflege-podologie.com).;Termine laufen nur übers Telefon. Eine Seite mit Preisliste und Terminanfrage entlastet sie.;;keine;https://www.11880.com/branchenbuch/kempten-allgaeu/110631810B113574622/fusspflege-studio-im-brodkorbweg.html
Kempten;Fußpflege Susanne Raunitschke;Fußpflege;0831 202152;;;Susanne Raunitschke;Lindauer Str. 8, 87435 Kempten (Allgäu);;;;Fußpflege in der Lindauer Straße, bei Das Örtliche mit Festnetznummer eingetragen. Laut Fußpflege-Verzeichnis geführt von Susanne Raunitschke.;Fußpflege;Telefonbuch- und Fußpflege-Verzeichnisse.;Eine einfache Seite mit Preisen und Terminanfrage.;Website noch nicht einzeln geprüft: vor dem Anruf kurz googeln (Link „Google prüfen“).;ungeprüft;https://www.dasoertliche.de/Themen/Fu%C3%9Fpflege/Kempten-Allg%C3%A4u.html
Kempten;König Kebab;Imbiss;0831 349497675;;;;Ludwigstr. 72, 87437 Kempten (Allgäu);St. Mang;Mo–Sa 11–21 Uhr, So zu;4,4 Sterne (184 Bewertungen, Restaurant Guru);Döner-Imbiss in der Ludwigstraße mit Abholung, Verzehr vor Ort und Lieferung. Barrierefrei, kinderfreundlich, nur Barzahlung. Auf Restaurant Guru gut bewertet, gelobt wird vor allem der Döner.;Döner & Dürüm, Lieferung, Abholung;Speisekarten-Portale (speisekartenweb, speisen.com, Restaurant Guru), keine eigene Seite.;184 Bewertungen und Lieferservice, aber keine eigene Seite: eigene Seite mit Karte und Telefon-Bestellung spart Provision an Lieferportale.;;keine;https://www.11880.com/branchenbuch/kempten-allgaeu/071366134B112961182/koenig-kebab.html
Kempten;Moschou Nicolaos Änderungsschneiderei;Schneiderei;0831 26783;;;Nicolaos Moschou;Salzstr. 33, 87435 Kempten (Allgäu);Haubenschloß;;;Alteingesessene Änderungsschneiderei von Nicolaos Moschou in der Salzstraße, seit Jahren im Telefonbuch mit fünfstelliger Festnetznummer. Klassische Änderungen und Reparaturen.;Änderungen, Reparaturen;Nur Telefonbuch-Einträge (Das Örtliche, Gelbe Seiten, golocal, goYellow), keine Öffnungszeiten hinterlegt.;Kunden wissen online nicht mal, wann offen ist. Eine einfache Visitenkarten-Seite mit Zeiten und Anfahrt.;Keine Öffnungszeiten bekannt.;keine;https://www.11880.com/branchenbuch/kempten-allgaeu/060690120B27587135/nicolaos-moschou-aenderungsschneiderei.html
Kempten;Schneiderei & Näh-Atelier Mila;Schneiderei;0176 43810902;;;;Salzstr. 16, 87435 Kempten (Allgäu);Haubenschloß;;;Schneiderei und Näh-Atelier in der Salzstraße, bisher ohne Bewertungen.;Änderungen, Näharbeiten;11880-Eintrag.;Neues Atelier ohne Bewertungen: Seite und Google-Profil von Anfang an richtig aufsetzen.;Website noch nicht einzeln geprüft: vor dem Anruf kurz googeln (Link „Google prüfen“). 11880 zeigte den Eintrag als „geschlossen“, prüfen ob noch aktiv.;ungeprüft;https://www.11880.com/branchenbuch/kempten-allgaeu/060690120B113479477/schneiderei-naeh-atelier-mila.html
Kempten;Sözen's Änderungsschneiderei;Schneiderei;0831 5407676;;;;Gerberstr. 31, 87435 Kempten (Allgäu);Innenstadt;Mo, Di, Do, Fr 10–18 Uhr, Sa 10–13 Uhr, Mi zu;9/10 (73 Bewertungen);Änderungsschneiderei in der Gerberstraße, eine der am besten bewerteten in Kempten. Kunden loben die präzisen Anpassungen, die den Tragekomfort deutlich verbessern. Säume, Änderungen, Reparaturen.;Säume, Änderungen, Reparaturen, Reißverschlüsse;Verzeichnisse (11880, Cylex, Öffnungszeitenportal) und Bewertungen, keine eigene Seite.;73 Bewertungen mit 9/10, trotzdem keine Website. Eine schnelle Seite mit Bewertungen, Zeiten und Anfahrt.;Ein Verzeichnis nennt die Kronenstraße, Adresse kurz bestätigen.;keine;https://www.11880.com/branchenbuch/kempten-allgaeu/060690120B33581213/soezen-s-aenderungsschneiderei.html
Kempten;Tilas Änderungsschneiderei und Bügelservice;Schneiderei;0831 5239322;;;;Ellharter Str. 12, 87435 Kempten (Allgäu);;;;Änderungsschneiderei mit zusätzlichem Bügelservice in der Ellharter Straße. Neben Änderungen werden Hemden und Wäsche gebügelt, ein Angebot, das Berufstätige regelmäßig nutzen.;Änderungen, Bügelservice, Hemdenservice;Nur Cylex und Onlinestreet.;Bügelservice ist ein Stammkundengeschäft. Eine Seite mit Preisliste (Hemd, Hose, Bettwäsche) und Abholzeiten.;Unter derselben Adresse war früher „Änderungsschneiderei Reichart“ gelistet, Namen am Telefon bestätigen.;keine;https://web2.cylex.de/firma-home/tilas-aenderungsschneiderei-und-buegelservice-16642763.html
Landshut;Aladin's Kebap;Imbiss;0871 97496111;;;;Ritter-von-Schoch-Str. 19, 84036 Landshut;Schönbrunn;Mo–Sa 8–20, So 10–20;;Döner-Imbiss in der Ritter-von-Schoch-Straße, täglich geöffnet (Mo–Sa 8–20, So 10–20 Uhr). Beliebt bei Familien und Freunden, bekannt für großzügige Portionen und Tavuk-Döner, das Personal gilt als herzlich.;Döner, Tavuk Döner, Imbiss;Yelp, speisekarte.de, FoodGuide Landshut, restaurantguru.;Früh ab 8 Uhr offen, auch sonntags: Eine Seite mit Karte und Zeiten holt Frühstücks- und Wochenendkunden.;;keine;https://www.11880.com/branchenbuch/landshut-isar/071366134B101607141/aladin-doener.html
Landshut;Änderungsschneiderei Senifu;Schneiderei;0871 97495010;;;;Ländgasse 38, 84028 Landshut;Altstadt;Di–Fr 11–13 und 14–16;;Änderungsschneiderei in der Ländgasse in der Altstadt, geöffnet Di–Fr 11–13 und 14–16 Uhr. Gelistet im Stadtportal „Landshut erleben“.;Änderungen, Reparaturen;Stadtportal erleben.landshut.de, Yelp, Cylex, golocal.;Mit nur vier Stunden am Tag muss jeder Kunde die Zeiten kennen. Eine Seite mit Öffnungszeiten und Preisen.;;keine;https://www.11880.com/branchenbuch/landshut-isar/060690120B102682736/senifu-aenderungsschneiderei.html
Landshut;Änderungsschneiderei Srecko Arsovski;Schneiderei;0871 3198936;;;Srecko Arsovski;Volksstr. 2, 84028 Landshut;Nikola;;;Änderungsschneider Srecko Arsovski in der Volksstraße im Stadtteil Nikola. Online gibt es nur Verzeichniseinträge.;Änderungen, Schneiderarbeiten;Cylex, 11880.;Online praktisch unsichtbar. Eine erste Seite mit Leistungen, Öffnungszeiten und Anfahrt.;Öffnungszeiten erfragen.;keine;https://www.11880.com/branchenbuch/landshut-isar/060690120B54309537/srecko-arsovski-aenderungsschneider.html
Landshut;Gedo Änderungsschneiderei & Reinigung;Schneiderei;0871 2766741;;;;Am Alten Viehmarkt 5, 84028 Landshut;Altstadt;;5 Sterne (1 Bewertung);Änderungsschneiderei mit Reinigung Am Alten Viehmarkt in der Landshuter Altstadt. Ein Kunde schreibt: „Top Schneider, schnell und günstig“.;Änderungen, Textilreinigung;Das Örtliche, golocal, Gelbe Seiten, Cylex.;Schneiderei und Reinigung in einem, aber online nur ein paar Verzeichniseinträge. Eine Seite mit Preisen für beides.;Öffnungszeiten erfragen.;keine;https://www.11880.com/branchenbuch/landshut-isar/061335714B105689692/gedo-aenderungsschneiderei-und-reinigung-aenderungsschneiderei.html
München;Änderungs-Atelier Haidhausen;Schneiderei;089 41768918;;;;Kirchenstr. 71, 81675 München;Haidhausen;;;Änderungsatelier an der Kirchenstraße in Haidhausen-Nord. Online sind nur Adresse und Telefonnummer zu finden.;Änderungen;Nur muenchen.de-Branchenbuch und Verzeichnisse.;Haidhausen ist beliebt und kaufkräftig. Eine Seite mit Leistungen und Öffnungszeiten.;Inhaber und Öffnungszeiten erfragen.;keine;https://orte.muenchen.de/1281024.html
München;Änderungsatelier Bogenhausen;Schneiderei;089 99547950;;;Sylvia Köhler;Buschingstr. 6, 81677 München;Bogenhausen;Mo, Di, Do 9–12 und 13–17, Mi und Fr 9–12;Positive Bewertungen;Änderungsatelier von Sylvia Köhler in der Buschingstraße in Bogenhausen. Kunden beschreiben den Service als schnell und zuvorkommend, die Schneiderin als sehr nett und kompetent.;Änderungen, Reparaturen;muenchen.de-Branchenbuch, Yelp, Cylex.;Bogenhausen ist kaufkräftig, die Öffnungszeiten sind knapp. Eine Seite mit Zeiten, Preisen und Terminanfrage erspart Kunden vergebliche Wege.;;keine;https://orte.muenchen.de/1304324.html
München;Änderungsatelier S. Soysal;Schneiderei;089 768420;;;Sadi Soysal (laut Cylex);Implerstr. 86, 81371 München;Sendling;;Positive Bewertungen (3 bei unilocal);Änderungsatelier an der Implerstraße in Sendling. Kunden loben die sehr gute Handarbeit, auch Lederjacken werden repariert. Wegen der Auslastung kann es bis zu zwei Wochen dauern, bis ein Stück fertig ist.;Änderungen, Lederreparaturen, Reparaturen;Yelp, Cylex, Das Telefonbuch, 11880.;Gut ausgelastet, aber mit langen Wartezeiten. Eine Seite mit Terminanfrage und Preisliste spart Rückfragen am Tresen und am Telefon.;;keine;https://www.11880.com/branchenbuch/muenchen/060690120B28127354/soysal-s.html
München;Änderungsboutique Benek;Schneiderei;089 95404901;;;;Baumkirchner Str. 23, 81673 München;Berg am Laim;;Positive Bewertungen;Änderungs- und Reparaturservice in Berg am Laim mit einem besonderen Schwerpunkt auf Leder. Laut Kundenbewertungen ändern sie Motorradkombis, Lederjacken und Lederhosen, schnell und handwerklich sauber, auch bei hochwertigen Stücken.;Änderungen, Lederjacken, Motorradkombis, Lederhosen;Facebook-Seite, muenchen.de-Branchenbuch, schneidereien24.;Leder- und Trachtenänderungen sind eine Nische, nach der gezielt gesucht wird, gerade vor der Wiesn. Eine Seite mit Bildern und dem Stichwort Lederhose lohnt sich.;Es gibt eine Seite aenderungsboutique.de: vorher prüfen, ob sie zu diesem Betrieb gehört.;unklar;https://www.11880.com/branchenbuch/muenchen/060690120B102477736/aenderungsboutique-benek.html
München;Änderungsschneiderei Anastasia;Schneiderei;089 2730104;;;Anastasia Mezidou;Barer Str. 86A, 80799 München;Maxvorstadt;Mo–Fr 10–18, Sa 10–13;4,8 Sterne bei 4 Bewertungen;Änderungsschneiderei von Anastasia Mezidou an der Barer Straße in der Maxvorstadt, mitten im Uni-Viertel. Geöffnet Mo–Fr 10–18, Sa 10–13 Uhr. Die wenigen Bewertungen sind sehr gut.;Änderungen, Reparaturen;Instagram @anastasias.schneiderei, nicelocal, 11880.;Instagram gibt es schon. Eine Website mit Preisliste und Öffnungszeiten ergänzt das und wird bei Google gefunden, Instagram-Posts meistens nicht.;;keine;https://www.11880.com/branchenbuch/muenchen/060690120B107289150/anastasia-mezidou-aenderungsschneiderei.html
München;Änderungsschneiderei im Lehel;Schneiderei;089 35644922;;;;Sternstr. 19, 80538 München;Lehel;;;Änderungsschneiderei in der Sternstraße im Lehel, einem der teuersten Wohnviertel Münchens. Online stehen nur Adresse und Telefonnummer in den Verzeichnissen.;Änderungen, Reparaturen;muenchen.de-Branchenbuch, Das Telefonbuch, Cylex, 11880.;Im Lehel wohnen Kunden, die für Qualität zahlen und online suchen. Eine gepflegte Seite mit Leistungen wirkt dort mehr als jeder Verzeichniseintrag.;Namen der Inhaberin oder des Inhabers erfragen.;keine;https://www.11880.com/branchenbuch/muenchen/060690120B104660222/aenderungsschneiderei-im-lehel.html
München;Änderungsschneiderei Lidija Widmann;Schneiderei;089 66090818;;;Lidija Widmann;Dornröschenstr. 12, 81739 München;Ramersdorf-Perlach;;;Änderungsschneiderei von Lidija Widmann in Ramersdorf-Perlach. Die erfahrene Schneiderin macht Änderungen, Anzüge und Kleider mit persönlicher Beratung und ehrlicher Einschätzung und arbeitet selbst an jedem Stück, was Stammkunden besonders schätzen. Das Spektrum reicht vom einfachen Kürzen bis zu aufwendigen Anpassungen an Figur und Stil.;Änderungen, Anzüge, Kleider, Kürzen & Anpassen;Cylex, 11880 und ein Eintrag auf der Website einer anderen Schneiderei.;Persönliche Beratung ist ihr Verkaufsargument, und das lässt sich auf einer eigenen Seite mit Foto und Preisbeispielen gut zeigen. Perlach ist groß, Laufkundschaft allein reicht nicht.;Die Nummer war in einem Verzeichnis nur gekürzt zu sehen (089 66090…): beim ersten Anruf bestätigen.;keine;https://www.11880.com/branchenbuch/muenchen/060690120B114052931/aenderungsschneiderei-lidija-widmann.html
München;Änderungsschneiderei Mamed Alekperle;Schneiderei;089 160491;;;Mamed Alekperle (auch „Alekperli“ geschrieben);Schulstr. 13, 80634 München;Neuhausen;;;Änderungsschneiderei an der Schulstraße in Neuhausen. Außer Adresse und Nummer steht online nichts, keine Öffnungszeiten und keine Bewertungen.;Änderungen;Nur 11880 und muenchen.de-Branchenbuch.;Neuhausen ist ein dichtes Wohnviertel mit viel Nachfrage. Eine einfache Seite mit Öffnungszeiten und Preisen.;meinestadt führt unter derselben Adresse „Mamed Alekperli Kraftfahrzeuge“: fragen, ob die Schneiderei noch aktiv ist.;keine;https://www.11880.com/branchenbuch/muenchen/060690120B102414711/mamed-alekperle-aenderungsschneiderei.html
München;Änderungsschneiderei Moosach;Schneiderei;089 146436;;;;Dachauer Str. 286, 80992 München;Moosach;Mo–Fr 9–13 und 14–18, Mi nur nachmittags;;Änderungsschneiderei an der Dachauer Straße in Moosach. Geöffnet Mo–Fr 9–13 und 14–18 Uhr, mittwochs nur nachmittags. Der Eintrag läuft nur unter „Änderungsschneiderei München“, ein Inhabername steht nirgends.;Änderungen, Schneiderarbeiten;Nur 11880 und öffnungszeitenbuch.;Unter einem Allerweltsnamen findet sie online niemand. Eigener Name, Website und Google-Profil wären hier das Komplettpaket.;Namen der Inhaberin oder des Inhabers erfragen.;keine;https://www.11880.com/branchenbuch/muenchen/060690120B52912084/aenderungsschneiderei-muenchen.html
München;Änderungsschneiderei Präzision;Schneiderei;089 52063033;;;;Kistlerstr. 1, 81539 München;Obergiesing;Mo–Fr 9–13 und 14–18, Sa 10–15;4,4 Sterne bei 51 Bewertungen;Änderungsschneiderei in Obergiesing. Erfahrene Schneiderinnen machen Passformkorrekturen an Büro-, Abend- und Alltagskleidung. Der Laden ist barrierefrei.;Passformkorrekturen, Abendmode, Businesskleidung, Barrierefrei;Cylex, mux.de, 11880. Online-Termine werden erwähnt, eine eigene Website war nicht zu finden.;Viele gute Bewertungen und schon Interesse an Online-Terminen: Eine eigene Seite mit Buchungsknopf ist der logische nächste Schritt.;Auch als „Änderungsschneiderei Giesing“ gelistet.;keine;https://www.11880.com/branchenbuch/muenchen/060690120B112543980/aenderungsschneiderei-giesing.html
München;Atelier Efeteria Vasilaku;Schneiderei;089 485832;;;;Sedanstr. 29, 81667 München;Haidhausen;;;Änderungsatelier an der Sedanstraße in Haidhausen. Die neueste gefundene Bewertung stammt von 2017, sonst gibt es online keine Informationen.;Änderungen;Nur Verzeichniseinträge.;Falls der Laden noch läuft, ist er im Netz komplett unsichtbar. Eine einfache Seite mit Öffnungszeiten.;Letzte Online-Spur von 2017: zuerst klären, ob das Atelier noch geöffnet ist.;keine;https://orte.muenchen.de/1284200.html
München;Balkan Imbiss;Imbiss;0173 3582953;;;;Lindenschmitstr. 33, 81371 München;Sendling;Mo–Sa 10–21:30, So 12–21:30;Google ca. 4,5 Sterne;Döner-Imbiss in Sendling mit orientalischer Küche und Hotdogs. Brot und Dönerspieß werden selbst gemacht, laut Bewertungen ist alles frisch und das Fleisch knusprig. Geöffnet Mo–Sa 10–21:30, So 12–21:30 Uhr.;Döner Kebap, Selbst gebackenes Brot, Hotdogs;Yelp, Restaurant-Portale, muenchen.de-Branchenbuch.;Hausgemachter Döner ist ein Verkaufsargument, das online niemand sieht. Eine Seite mit Speisekarte und Fotos.;;keine;https://www.11880.com/branchenbuch/muenchen/071366134B112667584/balkan-imbiss-doener-kebap.html
München;Cilem Änderungsschneiderei;Schneiderei;089 46279626;;;;Berg-am-Laim-Str. 59, 81673 München;Berg am Laim;;;Änderungsschneiderei an der Berg-am-Laim-Straße. Online gibt es nur Verzeichniseinträge, keine Öffnungszeiten und keine Bewertungen.;Änderungen;Das Telefonbuch, öffnungszeitenbuch, 11880.;Online fast unsichtbar. Eine einfache Seite mit Öffnungszeiten und Preisen reicht, um bei „Schneiderei Berg am Laim“ gefunden zu werden.;Hausnummer 59 oder 75: im Gespräch bestätigen.;keine;https://www.11880.com/branchenbuch/muenchen/060690120B41933589/cilem-aenderungsschneiderei.html
München;EIN-Tritt im Forum Schuh- und Schlüsseldienst;Schuhmacher;089 54034104;;;;Theresienhöhe 5 (Forum Schwanthalerhöhe, UG), 80339 München;Schwanthalerhöhe;Mo–Sa 9:30–20;;Schuh- und Schlüsseldienst im Untergeschoss des Einkaufszentrums Forum Schwanthalerhöhe. Angeboten werden Schuhreparaturen wie Absätze und Sohlen, Schuhpflege, Schlüssel nachmachen, Gravuren und Uhrenservice wie Batteriewechsel. Dazu verkauft der Laden Schnürsenkel, Uhren, Gürtel, Geldbörsen und Stempel.;Schuhreparatur, Schlüsseldienst, Gravuren, Uhrenservice, Stempel;Facebook, Unterseite beim Forum Schwanthalerhöhe, golocal, Cylex.;Viele Leistungen, aber online nur eine Unterseite beim Einkaufszentrum. Eine eigene Seite mit Preisliste für Absatz, Sohle und Schlüssel.;;keine;https://www.mux.de/Eintritt-Schuh-und-Schluesseldienst-Forum-Schwanthalerhoehe
München;Fleischmarkt Giesing (Gebrüder Moll);Metzgerei;089 6971832;;;Gebrüder Moll GbR;St.-Martin-Str. 1, 81541 München;Obergiesing;Di, Do, Fr 7–18, Mi und Sa 7–13;Positive Bewertungen;Familienmetzgerei in Giesing, seit 1993 für erstklassige Fleischwaren bekannt. Spezialitäten sind der Giesinger Leberkäs, hausgemachte Bratwürste und Giesinger Schinken, handwerklich aus regionalen Zutaten. Dazu gibt es einen Partyservice.;Giesinger Leberkäs, Bratwürste, Giesinger Schinken, Partyservice;golocal (4 Bewertungen), Das Örtliche, metzgerei.org.;Eigene Giesinger Spezialitäten und ein Partyservice: Genau dafür brauchen Kunden eine Seite mit Angebot und Bestellmöglichkeit.;;keine;https://mobil.dasoertliche.de/Themen/Gebr%C3%BCder-Moll-GbR-FLEISCHMARKT-GIESING-Metzgerei-M%C3%BCnchen-Obergiesing-St-Martin-Str
München;Furi's Döner;Imbiss;0178 9307629;;;;Effnerplatz 1, 81679 München;Bogenhausen;Mo–Fr 10–21, Sa 12–21, So 12–20;4,9 Sterne bei rund 1.160 Bewertungen;Döner-Laden am Effnerplatz in Bogenhausen mit Döner, Kebab, mediterraner Küche, Falafel, Salaten und süßem Gebäck, auch vegan, vegetarisch und halal. Die Preise liegen bei 1–10 €, es gibt Tische drinnen und draußen.;Döner & Kebab, Falafel, Vegan & vegetarisch, Halal, Lieferung über Wolt;Wolt, movetomunich, Bewertungsportale.;Einer der bestbewerteten Döner Münchens. Falls es keine eigene Seite gibt, bringen Speisekarte, Bewertungen und Direktbestellung sofort Umsatz.;Unter 9gg.de/halal-kebab gibt es eine Seite mit dem Namen: vorher prüfen, ob das ihre eigene Website ist.;unklar;https://www.11880.com/branchenbuch/muenchen/071362461B113443717/furi-s-doener.html
München;Giesinger Döner- und Grillhaus;Imbiss;089 45213996;;;;Schwanseestr. 26, 81539 München;Obergiesing;Mi–So 16–22;;Döner- und Grillhaus an der Schwanseestraße in Obergiesing, knapp 300 Meter von der S-Bahn Giesing. Auf der Karte stehen Kebab, Dürüm und Falafel. Geöffnet nur Mittwoch bis Sonntag am Abend.;Kebab, Dürüm, Falafel, Grill;Yelp, speisekarte.de, movetomunich, muenchen.de-Branchenbuch.;Nur abends und nicht jeden Tag offen: Solche Zeiten müssen Kunden online sofort finden. Eine Seite mit Speisekarte und Öffnungszeiten.;;keine;https://orte.muenchen.de/1288923.html
München;Gül-Imbiss;Imbiss;089 21665499;;;;Zweibrückenstr. 4, 80331 München;Isarvorstadt;;;Türkischer Imbiss an der Zweibrückenstraße, rund 40 Meter vom S-Bahnhof Isartor. Auf der Karte stehen hausgemachte Köfte, Hähnchenspieße, Kebab und Falafel, zum Mitnehmen oder per Lieferung. Freitags ist bis Mitternacht offen.;Döner & Kebab, Köfte, Hähnchenspieße, Falafel, Lieferung über Wolt;Wolt, Speisekarten-Portale.;Top-Lage am Isartor mit viel Laufkundschaft. Eine Seite mit Speisekarte und Öffnungszeiten, dazu Direktbestellung ohne Wolt-Provision.;;keine;https://www.11880.com/branchenbuch/muenchen/071366134B42107597/guel-imbiss.html
München;Le Nails Nagelstudio;Nagelstudio;089 87589479;01575 5669301;;;Verdistr. 44, 81247 München;Obermenzing;Mo–Fr 10–19, Sa 10–17;Positive Bewertungen;Nagelstudio an der Verdistraße in Obermenzing für Maniküre und Pediküre, zum Beispiel Pediküre mit French-Gel für 47 €. Kunden loben, dass die Inhaberin freundlich, kompetent und hygienisch arbeitet, Termine schnell vergibt und pünktlich ist.;Maniküre, Pediküre, Gel & French;muenchen.de-Branchenbuch, ivof, 11880.;Preise und zufriedene Kunden gibt es schon. Eine Seite mit Preisliste und Online-Termin nutzt genau das.;;keine;https://www.11880.com/branchenbuch/muenchen/110633838B112960218/le-nails-nagelstudio-muenchen.html
München;M&M Änderungsschneiderei (und Reinigung);Schneiderei;089 422939;;;Murat Demirci;Truderinger Str. 318, 81825 München;Trudering;Mo–Fr 9–18, Sa 8:30–13;4,5 Sterne bei 27 Bewertungen;Änderungsschneiderei mit Reinigungsannahme an der Truderinger Straße, geführt von Murat Demirci. Geöffnet Mo–Fr 9–18, Sa 8:30–13 Uhr. Mit 27 Bewertungen und 4,5 Sternen gehört sie zu den besser bewerteten Schneidereien im Münchner Osten.;Änderungen, Reparaturen, Reinigungsannahme;Yelp, Cylex, dasistnah, wo-in-trudering.de.;Gute Bewertungen und zwei Leistungen in einem Laden. Eine Seite mit Preisen für Änderungen und Reinigung bringt Kunden aus ganz Trudering und Riem.;;keine;https://www.11880.com/branchenbuch/muenchen/060690120B112894310/m-m-aenderungsschneiderei-und-reinigung.html
München;Metzgerei Kiesl;Metzgerei;089 421610;;;;Kirchtruderinger Str. 21, 81829 München;Trudering;Mo 7–13, Di–Fr 7–18, Sa 7–12;Positive Bewertungen;Metzgerei (Kiesl GmbH) an der Kirchtruderinger Straße. Kunden loben die sehr große Auswahl an Wurst und Fleisch zu vernünftigen Preisen.;Fleisch, Wurstwaren, Große Auswahl;Yelp, golocal, Gelbe Seiten, wo-in-trudering.de.;Eine große Auswahl, die man online nicht sieht. Eine Seite mit Sortiment, Grillangeboten und Öffnungszeiten.;;keine;https://www.11880.com/branchenbuch/muenchen/071213662B26096473/kiesl-gmbh-metzgerei.html
München;Metzgerei Mair;Metzgerei;089 78587323;;;Johann Mair (laut meinestadt);Aidenbachstr. 99, 81379 München;Obersendling;Mo–Fr 6–18, Sa 7–12;Sehr positive Bewertungen;Traditionelle Metzgerei an der Aidenbachstraße in Obersendling, geöffnet schon ab 6 Uhr. Kunden loben Qualität, Frische, faire Preise und die altmodisch gemütliche Atmosphäre. Besonders empfohlen werden Bratwurst, Weißwurst und Wurstsalat.;Bratwurst, Weißwurst, Wurstsalat, Fleisch & Wurst;Yelp, Cylex, yably, 11880.;Die Stammkundschaft ist da. Eine Seite mit Wochenangebot, Brotzeit und Öffnungszeiten holt die Büros rund um die Aidenbachstraße.;;keine;https://www.11880.com/branchenbuch/muenchen/071213662B26096392/metzgerei-mair.html
München;Metzgerei Pollinger;Metzgerei;089 39292315;;;Anton Pollinger (laut firmenabc);Johann-Clanze-Str. 112, 81369 München;Sendling-Westpark;Mo–Fr 7–13 und 16–18, Sa 7–12;;Traditionsmetzgerei in Sendling-Westpark, bekannt für Weißwurst und Leberkäse. Der Inhaber beliefert damit sogar Feinkost Käfer. Kunden loben die Wurstqualität, die ihre Erwartungen übertrifft.;Weißwurst, Leberkäse, Fleisch & Wurst;golocal, Gelbe Seiten, muenchen.de-Branchenbuch.;„Lieferant von Käfer“ ist ein Aufhänger, mit dem eine Website sofort Vertrauen schafft. Eine Seite mit Spezialitäten, Vorbestellung für Weißwürste und Öffnungszeiten.;;keine;https://www.11880.com/branchenbuch/muenchen/071213662B26667370/metzgerei-pollinger.html
München;Metzgerei Schnitzler;Metzgerei;089 658612;;;Johann (Hans) Schnitzler;Entenbachstr. 2, 81541 München;Au;Di–Fr 7:30–13:30 und 14:30–18, Sa 7–12;3,7 Sterne bei 3 Bewertungen;Kleine Metzgerei „wie früher“ in der Au, geführt von Johann Schnitzler und seiner Frau. Große Auswahl zu fairen Preisen und eine warme Theke. Besonders gelobt werden Weiß- und Stockwürste auf Vorbestellung.;Weißwurst, Warme Theke, Fleisch & Wurst, Vorbestellung;golocal, Cylex, mux.de, 11880.;Vorbestellungen laufen bisher nur übers Telefon. Eine Seite mit Bestellformular für Weißwürste spart Zeit am Tresen.;;keine;https://www.11880.com/branchenbuch/muenchen/071213662B26350086/hans-schnitzler-metzgerei.html
München;Metzgerei Weinberger;Metzgerei;089 501811;;;Manuela Weinberger (laut meinestadt);Astallerstr. 12, 80339 München;Schwanthalerhöhe;Mo–Fr 7–17, Sa 7–12;4,7 Sterne bei 3 Bewertungen;Traditionelle bayerische Metzgerei im Westend, die frische, hausgemachte Gerichte zubereitet.;Fleisch & Wurst, Hausgemachte Gerichte, Bayerische Küche;golocal, Gelbe Seiten, metzgerei.org, 11880.;Hausgemachte Gerichte im Westend mit vielen Büros: Eine Seite mit Wochenkarte bringt Mittagsgäste.;;keine;https://www.11880.com/branchenbuch/muenchen/071213662B37724207/metzgerei-weinberger.html
München;Nail-Art-Factory;Nagelstudio;0160 99301714;;;;Landsberger Str. 104, 80339 München;Schwanthalerhöhe;;;Nagelstudio für Nageldesign an der Landsberger Straße (Schwanthalerhöhe). Online gibt es nur Verzeichniseinträge und ein Groupon-Profil, keine Preise und keine Bilder.;Nageldesign, Maniküre;Groupon, gonagelstudio, nagelstudiofinden, 11880.;Nageldesign lebt von Bildern. Eine Seite mit Galerie, Preisliste und Terminanfrage.;Nur eine Handynummer bekannt, Öffnungszeiten erfragen.;keine;https://www.11880.com/branchenbuch/muenchen/110633838B100178432/nail-art-factory.html
München;Schindler Polsterei;Polsterei;089 7235550;;;Jörg Schindler (laut Cylex);Emil-Geis-Str. 10, 81379 München;Thalkirchen;;;Polsterei und Raumausstatter an der Emil-Geis-Straße in Thalkirchen. Online gibt es keine Details zu Leistungen, Referenzen oder Öffnungszeiten.;Polsterarbeiten, Raumausstattung;Nur Branchenbücher (Das Örtliche, golocal, Cylex).;Neu gepolsterte Sessel und Sofas liefern Vorher-nachher-Bilder, die sich perfekt für eine Website eignen.;;keine;https://www.11880.com/branchenbuch/muenchen/060694125B36691599/schindler-polsterei.html
München;Schmittbiel Uhrmachermeisterin;Uhrmacher;089 8631407;;;;Schönbrunner Str. 8, 81245 München;Aubing;;;Uhrmachermeisterin in der Schönbrunner Straße in Aubing. Meisterbetrieb für Uhrenreparatur.;Uhrenreparatur, Revision, Batteriewechsel;11880-Eintrag.;Eine Meisterin im Uhrmacherhandwerk ist selten und ein starkes Verkaufsargument. Eine Seite mit Leistungen und „Meisterbetrieb“ ganz oben.;Website noch nicht einzeln geprüft: vor dem Anruf kurz googeln (Link „Google prüfen“).;ungeprüft;https://www.11880.com/branchenbuch/muenchen/181725450B52000798/schmittbiel-uhrmachermeisterin.html
München;Schuhreparatur Herzog-Wilhelm-Straße;Schuhmacher;089 2604284;;;;Herzog-Wilhelm-Str. 27, 80331 München;Altstadt;;;Schuhreparatur in der Herzog-Wilhelm-Straße nahe Sendlinger Tor, bei Das Örtliche mit Festnetznummer eingetragen.;Schuhreparatur, Absätze & Sohlen;Nur ein Telefonbuch-Eintrag.;Innenstadtlage mit viel Laufkundschaft. Eine Seite und ein Google-Profil mit Preisen und Zeiten.;Website noch nicht einzeln geprüft: vor dem Anruf kurz googeln (Link „Google prüfen“). Name im Verzeichnis nicht angezeigt, am Telefon erfragen.;ungeprüft;https://www.dasoertliche.de/Themen/Schuhreparatur/M%C3%BCnchen.html
München;Schuhreparatur Ottobrunner Straße;Schuhmacher;089 32490319;;;;Ottobrunner Str. 142, 81737 München;Perlach;;;Schuhreparatur an der Ottobrunner Straße in Perlach, bei Das Örtliche mit Adresse und Telefon eingetragen.;Schuhreparatur, Absätze & Sohlen;Nur ein Telefonbuch-Eintrag.;Eine Seite mit Preisliste (Absatz, Sohle, Schlüssel) holt Kunden aus der Nachbarschaft.;Website noch nicht einzeln geprüft: vor dem Anruf kurz googeln (Link „Google prüfen“). Name im Verzeichnis nicht angezeigt, am Telefon erfragen.;ungeprüft;https://www.dasoertliche.de/Themen/Schuhreparatur/M%C3%BCnchen.html
München;Textilreinigung im Motorama;Textilreinigung;0152 17875246;;;;Rosenheimer Str. 30 (Motorama, UG), 81669 München;Haidhausen;Mo–Fr 9–19, Sa 10–18;;Textilreinigung mit Änderungsschneiderei im Untergeschoss der Motorama-Passage an der Rosenheimer Straße, gegenüber vom Supermarkt. Angeboten werden Textilreinigung, Wäsche- und Mangelservice, Express- und Hemdenservice, Änderungen und eine DHL-Annahme.;Textilreinigung, Hemdenservice, Mangelservice, Expressreinigung, Änderungen, DHL-Annahme;golocal, Gelbe Seiten, anzeiger24, dasistnah.;Im Untergeschoss versteckt. Eine Seite mit Preisliste und Wegbeschreibung holt Kunden aus ganz Haidhausen.;Teils auch als „Textilreinigung Quaglio im Motorama“ gelistet.;keine;https://www.11880.com/branchenbuch/muenchen/061331011B107724305/textilreinigung-im-motorama.html
Neu-Ulm;Änderungsschneiderei Maximilianstraße;Schneiderei;01575 5405194;;;;Maximilianstr. 15, 89231 Neu-Ulm;Stadtmitte;;;Änderungsschneiderei in der Maximilianstraße in Neu-Ulm Mitte, laut 11880 über eine Handynummer erreichbar.;Änderungen;Nur ein Verzeichniseintrag.;Eine Seite mit Namen, Leistungen und WhatsApp-Knopf.;Website noch nicht einzeln geprüft: vor dem Anruf kurz googeln (Link „Google prüfen“). Name nicht angezeigt, am Telefon erfragen.;ungeprüft;https://www.11880.com/suche/aenderungsschneiderei/neu-ulm
Neu-Ulm;Änderungsschneiderei Sari;Schneiderei;0731 78960;;;Fatma Sari;Wallstr. 20, 89231 Neu-Ulm;Stadtmitte;Mo–Fr 14–18 Uhr;;Änderungsschneiderei von Fatma Sari in der Wallstraße in Neu-Ulm Mitte, nachmittags geöffnet. Alteingesessen mit fünfstelliger Festnetznummer.;Änderungen, Kürzen, Reparaturen;Nur Verzeichnisse (11880, Yelp, Öffnungszeitenbuch).;Nur nachmittags offen: eine Seite mit Zeiten erspart Kunden den vergeblichen Weg.;;keine;https://www.11880.com/branchenbuch/neu-ulm/060690120B101032975/aenderungsschneiderei-sari.html
Neu-Ulm;N. Kocak Änderungsschneiderei;Schneiderei;0731 77237;;;;Augsburger Str. 29, 89231 Neu-Ulm;Stadtmitte;;;Änderungsschneiderei an der Augsburger Straße in Neu-Ulm Mitte. Reparaturen, Reißverschlüsse, Vorhänge, Jacken und Säume.;Reparaturen, Reißverschlüsse, Vorhänge, Jacken, Säume;Nur Telefonbuch-Einträge (Das Örtliche, Gelbe Seiten, golocal, meinestadt).;Vorhänge sind ein lohnendes Nebengeschäft. Eine Seite mit Leistungen und Preisbeispielen.;Cylex führt unter derselben Nummer „Angela Giebler“, Inhaber am Telefon bestätigen.;keine;https://www.11880.com/branchenbuch/neu-ulm/060690120B42828444/n-kocak-aenderungsschneiderei.html
Nürnberg;Änderungsschneiderei Bederova;Schneiderei;0911 3778335;;;Inna Bederova;Johannisstr. 32, 90419 Nürnberg;St. Johannis;;;Änderungsschneiderei von Inna Bederova in der Johannisstraße in St. Johannis. Öffnungszeiten und Bewertungen sind online nicht hinterlegt. Ein älterer Eintrag nennt die Burgschmietstraße, vermutlich ein früherer Standort.;Änderungen, Maßschneiderei;Nur Branchenbücher.;St. Johannis hat viel Kaufkraft und im Netz kaum Konkurrenz für Schneidereien. Eine Seite mit Leistungen und Öffnungszeiten.;Alter Eintrag Burgschmietstraße: aktuelle Adresse bestätigen.;keine;https://www.11880.com/branchenbuch/nuernberg-mittelfranken/060690120B100122854/aenderungsschneiderei-bederova.html
Nürnberg;Änderungsschneiderei Jakimovska;Schneiderei;0911 499443;;;Frau Jakimovska;Nibelungenstr. 11, 90461 Nürnberg;Südstadt;Di–Fr vormittags und 15–17:30, Sa 10–12:30;Sehr positive Bewertungen;Änderungsschneiderei in der Nibelungenstraße in der Südstadt, geführt von Frau Jakimovska. Geöffnet Di 9–13 und 15–17:30, Mi–Fr 10–12:30 und 15–17:30, Sa 10–12:30 Uhr. Kunden beschreiben sie als sehr freundlich, präzise und zuverlässig, sie geht auf individuelle Wünsche ein und hat ein sehr gutes Preis-Leistungs-Verhältnis.;Änderungen, Individuelle Anpassungen;Das Telefonbuch, Das Örtliche, golocal, 11880.;Sehr gute Bewertungen, aber verwinkelte Öffnungszeiten, die nur in Verzeichnissen stehen. Eine Seite mit Zeiten und Preisen spart ihr auch Telefonate.;;keine;https://www.11880.com/branchenbuch/nuernberg-mittelfranken/060690120B102683416/jakimovska-aenderungsschneiderei.html
Nürnberg;Änderungsschneiderei Kamo;Schneiderei;0911 4319807;;;;Humboldtstr. 99, 90459 Nürnberg;Galgenhof;Mo–Fr 9–12 und 13–18, Sa 10–13;Positive Bewertungen (golocal, yably);Änderungsschneiderei in der Humboldtstraße (Galgenhof/Lichtenhof), geöffnet Montag bis Freitag 9–12 und 13–18 Uhr, Samstag 10–13 Uhr. Der Laden ist gleichzeitig Hermes-Paketshop und hat dadurch viel Laufkundschaft. Kunden loben die sehr freundlichen Inhaber, die auf alle Wünsche eingehen.;Änderungen, Reparaturen, Hermes-Paketshop;Das Örtliche, Gelbe Seiten, golocal, Cylex.;Viel Laufkundschaft durch den Paketshop, aber keine Seite, auf die man sie verweisen kann. Website mit Preisliste plus QR-Code-Aufsteller im Laden.;;keine;https://www.11880.com/branchenbuch/nuernberg-mittelfranken/060690120B38625758/aenderungsschneiderei-kamo.html
Nürnberg;Änderungsschneiderei le fil;Schneiderei;0911 4508500;;;;Jakobsplatz 2, 90402 Nürnberg;Altstadt;;5 Sterne (1 Bewertung);Schneiderei am Jakobsplatz in der Altstadt für Änderungen und Maßanfertigung. Bearbeitet werden Hosen, Kleider, Röcke, Blusen, Blazer, Hemden, Jacken, Mäntel, Jeans, Ball- und Brautkleider sowie Kinderkleidung. Dazu kommen Heimtextilien wie Bettwäsche, Vorhänge, Gardinen, Rollos, Kissenbezüge und Tischdecken. Im Verzeichnis für nachhaltige Betriebe suchdichgruen.de ist sie gelistet.;Änderungen, Maßanfertigung, Braut- & Ballkleider, Vorhänge & Heimtextilien;Ein YouTube-Video, suchdichgruen.de, Cylex, 11880.;Brautkleid-Änderungen und Maßanfertigung sind Aufträge, nach denen gezielt gesucht wird. Eine Seite mit Leistungen, Bildern und dem vorhandenen Video wirkt sofort professionell.;;keine;https://www.11880.com/branchenbuch/nuernberg-mittelfranken/060690120B102023085/aenderungsschneiderei-le-fil.html
Nürnberg;Änderungsschneiderei Zerzabelshof;Schneiderei;0170 8366625;;;;Zerzabelshofstr. 5, 90478 Nürnberg;Zerzabelshof;Di–Fr 10–13 und 14–18, Sa 10–13;;Änderungsschneiderei in der Zerzabelshofstraße 5. Im Eintrag steht kein Firmenname, erreichbar ist sie über eine Handynummer. Geöffnet Dienstag bis Freitag 10–13 und 14–18 Uhr, Samstag 10–13 Uhr.;Änderungen;Nur ein namenloser 11880-Eintrag.;Ohne Namen und Website ist die Schneiderei online praktisch nicht auffindbar. Hier passt das Komplettpaket: Name, Website und Google-Profil.;Namen der Inhaberin oder des Inhabers im Gespräch erfragen.;keine;https://www.11880.com/branchenbuch/nuernberg-mittelfranken/060694693B112577198/aenderungsschneiderei.html
Nürnberg;Blumen Engelhardt;Blumen;0911 351990;;;;Maxfeldstr. 17, 90409 Nürnberg;Maxfeld;Mo–Fr 8–18, Sa 8–13, So 10–12;ca. 3,6 Sterne bei rund 54 Bewertungen;Blumengeschäft in der Maxfeldstraße (Maxfeld) mit Schnittblumen und Floristik, auch sonntags 10–12 Uhr geöffnet (Mo–Fr 8–18, Sa 8–13 Uhr).;Schnittblumen, Floristik, Sonntags geöffnet;Nur Branchenbücher und Bewertungsportale.;Sonntags geöffnet ist ein Argument, das online niemand sieht. Eine Seite mit Öffnungszeiten und Sortiment, dazu ein gepflegtes Google-Profil gegen das mittelmäßige Bewertungsbild.;;keine;https://www.11880.com/branchenbuch/nuernberg-mittelfranken/170210816B53758459/engelhardt-blumen-blumengeschaeft.html
Nürnberg;Blumen Moßner GmbH;Blumen;0911 355894;0911 363680;Blumen.Mossner@t-online.de;;Berckhauserstr. 7, 90409 Nürnberg;Maxfeld;Mo–Fr 7:30–18, Sa 8–13, So 10–12;;Blumenfachgeschäft (GmbH) in der Berckhauserstraße in Maxfeld mit Fleurop-Service. Spezialisiert auf individuell gebundene Sträuße für Jubiläen, Geburtstage und Valentinstag, dazu Hochzeitsfloristik, Trauerfloristik und Grabschmuck. Geöffnet Mo–Fr 7:30–18, Sa 8–13, So 10–12 Uhr.;Sträuße & Gestecke, Hochzeitsfloristik, Trauerfloristik & Grabschmuck, Fleurop-Versand;Instagram @blumenmossner, Fleurop-Partnerseite, Yelp. E-Mail über t-online.;Hochzeits- und Trauerfloristik werden online angefragt. Eine Seite mit Galerie und Anfrageformular, dazu eine E-Mail mit eigener Domain statt t-online.;;keine;https://www.gelbeseiten.de/gsbiz/575b404c-1e23-41f7-b595-0074bbec4d2f
Nürnberg;Brandenburger Wirtshaus;Restaurant;0911 6325975;;;;Reichelsdorfer Hauptstr. 162, 90453 Nürnberg;Reichelsdorf;;;Historisches fränkisches Wirtshaus in einem Renaissance-Gebäude in Reichelsdorf, rund 700 m von der S-Bahn Reichelsdorf. Die Küche ist fränkisch mit mediterranen Einflüssen (Schnitzel, Bratwürste, Eintöpfe aus regionalen Zutaten). Das Haus richtet Hochzeiten, Geburtstage, Familien- und Firmenfeiern aus und bietet Rittermahle mit kostümierten Rittern, Zauber-Dinner und Krimi-Dinner an. Menüpreise liegen etwa bei 40–50 €.;Fränkische Küche, Hochzeiten & Feiern, Firmenevents, Rittermahl, Krimi- & Zauber-Dinner;Yelp, Tripadvisor, speisekarte.de, Locationguide24, hochzeits-location.info.;Eventlocation ohne Website: Brautpaare und Firmen wollen Bilder, Pakete und ein Anfrageformular sehen. Der stärkste Fall auf der Liste.;;keine;https://www.yelp.de/biz/brandenburger-wirtshaus-n%C3%BCrnberg
Nürnberg;Burak Änderungsschneiderei;Schneiderei;0911 5817643;0911 3689510 (laut Cylex);;;Adamstr. 15, 90489 Nürnberg;Rennweg;;;Änderungsschneiderei in der Adamstraße im Stadtteil Rennweg, teils auch unter Künhofer Straße 16 gelistet. Online gibt es kaum Informationen: keine Öffnungszeiten, keine Bewertungen, nur Einträge in Branchenbüchern.;Änderungen, Schneiderarbeiten;Nur Branchenbücher (11880, Cylex, Stadtbranchenbuch).;Wer online nichts findet, geht zur nächsten Schneiderei. Schon eine kleine Seite mit Öffnungszeiten, Standardpreisen (Hose kürzen, Reißverschluss) und Anfahrt macht einen Unterschied.;Zwei Nummern im Umlauf: 0911 5817643 (11880) und 0911 3689510 (Cylex). Adresse evtl. Künhofer Str. 16.;keine;https://www.11880.com/branchenbuch/nuernberg-mittelfranken/060690120B54294739/burak-aenderungsschneiderei-schneiderei.html
Nürnberg;Dieter Buchner Fliesen & Mosaik;Fliesenleger;0911 5193566;;;Dieter Buchner (Bodenlegermeister);Schoppershofstr. 10, 90489 Nürnberg;Rennweg;;Noch keine Bewertungen;Mosaik- und Fliesenverlegung von Bodenlegermeister Dieter Buchner in der Schoppershofstraße. Er verlegt Fliesen, Feinsteinzeug, Naturstein und Mosaik innen und außen und berät bei der Materialwahl. Laut Eintrag verwendet er nur hochwertige Materialien und Werkzeuge.;Fliesen, Feinsteinzeug, Naturstein, Mosaik, Innen & außen;Gelbe Seiten, fliesenleger.net, mein-fliesenleger-profi, 11880.;Bei Bädern und Mosaik entscheiden Bilder. Eine Referenzgalerie überzeugt mehr als jeder Verzeichniseintrag.;;keine;https://www.11880.com/branchenbuch/nuernberg-mittelfranken/060691660B107433969/dieter-buchner.html
Nürnberg;Döner Imbiß Ballerina;Imbiss;0911 5817855;;;;Äußerer Laufer Platz 12, 90403 Nürnberg;Altstadt;täglich ca. 11:30–21:30;4,4 Sterne bei rund 600 Bewertungen;Beliebter Döner-Imbiss am Äußeren Laufer Platz in der Altstadt mit türkischen Spezialitäten und selbst gemachtem Döner. Gelobt werden frische Zutaten, große Portionen und freundliches Personal, die Preise liegen bei 1–10 €. Täglich geöffnet, etwa 11:30–21:30 Uhr.;Döner Kebap, Türkische Spezialitäten, Lieferung über Uber Eats;Uber Eats, Facebook, Yelp, Speisekarten-Portale.;Bei so vielen Bewertungen lohnt eine eigene Seite mit Speisekarte und Direktbestellung. Jede Bestellung, die nicht über Uber Eats läuft, spart die Plattformprovision.;;keine;https://www.yelp.com/biz/ballerina-d%C3%B6ner-imbi%C3%9F-n%C3%BCrnberg
Nürnberg;Elektro-Rupprecht GmbH;Elektriker;0911 404676;;;Klaus Rupprecht;Zerzabelshofer Hauptstr. 11, 90480 Nürnberg;Zerzabelshof;Mo–Do 7–16:30, Fr 7–14;4,5 Sterne (Sellwerk);Elektro-Meisterbetrieb in Zerzabelshof, geführt von Klaus Rupprecht als GmbH. Schwerpunkte sind Elektroinstallation, Altbausanierung und Sprechanlagen, vor allem in Zabo, Mögeldorf und Umgebung. Geöffnet Mo–Do 7–16:30, Fr 7–14 Uhr. Der Betrieb sucht über ein Handwerker-Portal auch Mitarbeiter.;Elektroinstallation, Altbausanierung, Sprech- & Klingelanlagen;sellwerk, Das Örtliche, Gelbe Seiten, Stellenportal mitarbeiterimhandwerk.;Handwerksbetriebe suchen Kunden und Fachkräfte. Eine Website mit Leistungen und Karriereseite hilft bei beidem.;;keine;https://www.11880.com/branchenbuch/nuernberg-mittelfranken/060691303B26364476/elektro-rupprecht-gmbh.html
Nürnberg;Fußpflege Beilhardt;Fußpflege;0911 25365607;;;;Laufamholzstr. 45, 90482 Nürnberg;Mögeldorf;;;Praxis für medizinische Fußpflege in Mögeldorf an der Laufamholzstraße. Angeboten werden medizinische Fußbehandlungen, Nagelkorrektur mit Spangentechnik und Maniküre. Termine lassen sich über Doctolib buchen.;Medizinische Fußpflege, Nagelspangen, Maniküre;Doctolib-Profil, golocal, 11880.;Die Online-Buchung gibt es schon, aber keine Seite, die Leistungen und Preise erklärt. Eine kleine Website, die auf die Doctolib-Buchung verlinkt.;Öffnungszeiten sind nicht veröffentlicht.;keine;https://www.11880.com/branchenbuch/nuernberg-mittelfranken/110631810B101051777/fusspflege-beilhardt.html
Nürnberg;Fußpflege Rosalia;Fußpflege;0911 2747328;;;;Willstr. 8, 90429 Nürnberg;Gostenhof;;;Kosmetische Fußpflege in der Willstraße in Gostenhof. Das Angebot umfasst Nagelpflege, Hornhautentfernung, Fußbäder und Nail Art für die Füße. Öffnungszeiten, Preise und Bewertungen sind online nicht zu finden.;Nagelpflege, Hornhautentfernung, Fußbad, Nail Art;Nur Branchenbücher.;Preise und Termine gibt es nur am Telefon. Eine Seite mit Preisliste und Terminanfrage.;Zweite Adresse im Umlauf: Bucher Str. 17 (St. Johannis). Aktuellen Standort bestätigen.;keine;https://www.11880.com/branchenbuch/nuernberg-mittelfranken/110631810B100722979/fusspflege-rosalia.html
Nürnberg;GADO Hairstyle;Friseur;0911 2377282;;;Domenico Allocca;Adlerstr. 28, 90402 Nürnberg;Altstadt;;;Trendsalon mitten in der Altstadt, in der Fußgängerzone nahe der Lorenzkirche, laut Eintrag direkt hinter Karstadt mit Parkhaus in der Nähe. Inhaber ist Domenico Allocca. Geschnitten wird nach den Styles von TIGI (Global Urban Styles) und dem Toni&Guy Advanced Cutting System, zusätzlich gibt es Kosmetik.;Trendhaarschnitte (TIGI), Toni&Guy Cutting System, Styling, Kosmetik;Yelp, friseur.com, goyellow, meinestadt.;Top-Lage mit viel Laufkundschaft und Touristen. Eine Website mit Bildern der Schnitte und Online-Terminbuchung passt zum Trend-Anspruch des Salons.;;keine;https://www.yelp.com/biz/gado-hairstyle-n%C3%BCrnberg
Nürnberg;H & H AutoService;Kfz-Werkstatt;0911 9405464;;;Bernd Hirschmann & Horst Hahn (GbR);Zerzabelshofstr. 63, 90480 Nürnberg;Zerzabelshof;Mo–Do 8–16:30, Fr 8–15:30;;Kfz-Werkstatt in Zerzabelshof, geführt von Bernd Hirschmann und Horst Hahn als GbR. Repariert werden Fahrzeuge aller Marken, inklusive Unfallschäden, Verschleißteile, Karosserie, Klimaservice, AU und TÜV, Reifen und Scheiben. Geöffnet Mo–Do 8–12 und 12:30–16:30, Fr bis 15:30 Uhr.;Reparatur aller Marken, Unfallinstandsetzung, Karosserie, Klimaservice, AU/TÜV, Reifen & Scheiben;Das Örtliche, Gelbe Seiten, autoplenum, Cylex.;Klassischer Meisterbetrieb. Eine Seite mit Leistungen und Online-Terminanfrage bringt jüngere Kunden, die nicht mehr im Telefonbuch suchen.;;keine;https://www.11880.com/branchenbuch/nuernberg-mittelfranken/012080446B33473124/h-h-autoservice-bernd-hirschmann.html
Nürnberg;Hair 18;Friseur;0911 5441604;;;;Laufamholzstr. 40, 90482 Nürnberg;Mögeldorf;Mo–Sa 9–18;4,4 Sterne bei 7 Bewertungen;Friseursalon in Mögeldorf an der Laufamholzstraße, geöffnet Montag bis Samstag von 9 bis 18 Uhr. Kunden loben in den Bewertungen Kompetenz und Service.;Damenhaarschnitt, Herrenhaarschnitt;golocal, Das Örtliche, Gelbe Seiten, 11880.;Gute Bewertungen, aber nur in Verzeichnissen verstreut. Eine Website mit Leistungen und Terminanfrage, verknüpft mit dem Google-Profil.;Gelbe Seiten führt auch ein „Hair 18“ in Sebald (90403): fragen, ob es eine zweite Filiale gibt.;keine;https://www.11880.com/branchenbuch/nuernberg-mittelfranken/110631771B28834680/hair-18.html
Nürnberg;Hausmeisterdienste Koch;Hausmeisterservice;0911 4098737;;Hausmeisterdienst.koch@googlemail.com;Umidjon Koch;Keplerstr. 14a, 90478 Nürnberg;Glockenhof;Mo–Sa 7–19:30;2 Bewertungen auf golocal;Hausmeisterdienst von Umidjon Koch in der Keplerstraße (Glockenhof), erreichbar Mo–Sa 7–19:30 Uhr. Das Angebot ist breit: Hausmeister- und Hauswartung, Winterdienst, Schlüsseldienst, Wohnungsauflösungen, Abbruch, Reinigung, Glasreinigung, Grünanlagenpflege und Gebäudereinigung.;Hauswartung, Winterdienst, Wohnungsauflösung, Abbruch, Gebäude- & Glasreinigung, Grünpflege, Schlüsseldienst;Das Örtliche, Gelbe Seiten, golocal. Kontakt nur über eine Googlemail-Adresse.;Viele Leistungen, nach denen gezielt gesucht wird (Entrümpelung, Winterdienst). Eine eigene Domain mit passender E-Mail wirkt bei Hausverwaltungen seriöser als Googlemail.;;keine;https://www.dasoertliche.de/Themen/Umidjon-Koch-Hausmeisterdienste-N%C3%BCrnberg-Glockenhof-Keplerstr
Nürnberg;Ihr Friseur 113;Friseur;0911 5109441;;;;Äußere Sulzbacher Str. 1, 90489 Nürnberg;Gärten b. Wöhrd;;5 Sterne bei Yelp;Familiengeführter Meisterbetrieb, gegründet 1989, an der Äußeren Sulzbacher Straße in Gärten bei Wöhrd. Der Salon wirbt mit Qualität zu bezahlbaren Preisen für die ganze Familie und guter Beratung rund um Pflege und Schnitt. Geöffnet dienstags bis samstags. Kunden schreiben „nett, gut und günstig“ und „beste Friseurin der Stadt“.;Damenhaarschnitt, Herrenhaarschnitt, Kinderhaarschnitt, Pflegeberatung;Yelp, 11880, friseursalon.org, gofriseur.;Seit über 35 Jahren im Viertel, aber online unsichtbar. Neue Familien im Viertel finden den Salon nur zufällig. Eine Seite mit Preisliste und Öffnungszeiten reicht schon.;11880 nennt noch Schoppershofstr. 18: Adresse bestätigen.;keine;https://www.11880.com/branchenbuch/nuernberg-mittelfranken/110631771B35510575/ihr-friseur-113-friseur.html
Nürnberg;Imbiss Antalya;Imbiss;0911 2557950;;;;Dombühler Str. 60 (Röthenbach-Center), 90451 Nürnberg;Röthenbach;Mo–Sa 8:30–22, So 9:30–22;Gemischte Bewertungen;Türkischer Imbiss im Röthenbach-Center direkt am U-Bahnhof Röthenbach. Die Spezialitäten werden täglich frisch im Haus zubereitet. Geöffnet Mo–Sa 8:30–22, So 9:30–22 Uhr. Gelobt werden frische Zutaten, saftiger Döner und freundliches Personal, kritisiert wird die einfache Einrichtung.;Döner, Türkische Gerichte;Eine Unterseite auf der Website des Röthenbach-Centers, Yelp, Restaurant-Portale.;Bisher nur eine Unterseite beim Einkaufszentrum. Eine eigene Seite mit Speisekarte und Mittagsangebot für Pendler vom U-Bahnhof.;Adresse widersprüchlich: 11880 sagt Dombühler Str. 9 (90449), Yelp und Röthenbach-Center Dombühler Str. 60 (90451).;keine;https://www.11880.com/branchenbuch/nuernberg-mittelfranken/071366134B101909860/imbiss-antalya.html
Nürnberg;Karakaya Dürüm-Döner;Imbiss;01578 6840870;;;;Sulzbacher Str. 84, 90489 Nürnberg;Rennweg;Mo–Sa 8–22, So 11–22;Google ca. 4,5 Sterne;Döner-Imbiss an der Sulzbacher Straße in Rennweg. Auf der Karte stehen Döner, Dürüm, Lahmacun, Döner-Teller, Salate, Reis- und Nudelgerichte, auch vegetarisch. Gelobt werden der selbst gemachte Teig und gut gefüllter Dürüm, einzelne Bewertungen kritisieren schwankende Qualität. Geöffnet Mo–Sa 8–22, So 11–22 Uhr.;Döner & Dürüm, Lahmacun, Teller & Salate, Vegetarisch, Lieferung über Wolt;Wolt, Tripadvisor, Restaurant-Portale.;Bestellungen laufen über Wolt mit Provision. Eine eigene Seite mit Speisekarte und Telefon-Bestellung.;Hausnummer 84 oder 101: im Gespräch bestätigen.;keine;https://www.11880.com/branchenbuch/nuernberg-mittelfranken/071366134B105452142/karakaya-dueruem-doener.html
Nürnberg;Kosmetikstudio Elena M;Kosmetik;0911 8009780;;;;Glogauer Str. 11, 90473 Nürnberg;Langwasser;Mo–Fr 10–17, Sa 10–14;;Kosmetikstudio in Langwasser. Angeboten werden Gesichtsbehandlungen, Haarentfernung mit Warmwachs für Frauen, kosmetische Fußpflege, Maniküre, Nagellack und French, Shellac, Augenbrauen zupfen und färben, Wimpern färben und Wimpernverlängerung. Geöffnet Mo–Fr 10–17, Sa 10–14 Uhr.;Gesichtsbehandlung, Warmwachs, Fußpflege, Maniküre & Shellac, Augenbrauen, Wimpern;Die frühere Cylex-Minisite ist abgeschaltet („End of Life“). Seitdem nur Verzeichniseinträge.;Sie hatte schon einmal eine Mini-Website, die weggefallen ist. Aufhänger: „Ihre alte Seite ist offline, ich baue Ihnen eine neue.“;meinestadt nennt Trebnitzer Str. 76: Adresse bestätigen.;keine;https://www.11880.com/branchenbuch/nuernberg-mittelfranken/110630625B102408194/kosmetikstudio-elena-m.html
Nürnberg;KTN KFZ-Technik Nord;Kfz-Werkstatt;0911 99933544;;;Hasan Sucu;Tiefenfeldstr. 10, 90411 Nürnberg;Klingenhof;Mo–Fr 8–18:30, Sa 9–14;4,8 Sterne bei rund 158 Bewertungen;Freie Kfz-Meisterwerkstatt von Hasan Sucu in der Tiefenfeldstraße (Klingenhof), Partner der Kette „Profi Service Werkstatt“. Geöffnet Mo–Fr 8–12 und 12:30–18:30, Sa 9–14 Uhr. Kunden loben, dass nur gemacht wird, was nötig ist, dass Reparaturen schnell gehen und das ganze Team freundlich ist.;Reparatur & Inspektion, Karosserie & Lack, Autoglas, Reifenservice, Smart Repair, TÜV, Tuning & HiFi;Facebook-Seite, Profi-Service-Werkstatt-Portal, autoplenum, 11880.;Sehr viele sehr gute Bewertungen, aber nur Facebook. Eine eigene Seite mit Leistungen, Terminanfrage und den Bewertungen holt Kunden, die nach „Werkstatt Nürnberg Nord“ suchen.;;keine;https://www.11880.com/branchenbuch/nuernberg-mittelfranken/012080446B102128065/kfz-technik-nord.html
Nürnberg;Malerbetrieb Norbert Malter;Maler;0911 305260;;;Norbert Malter (Malermeister);Erich-Ollenhauer-Str. 4, 90427 Nürnberg;Boxdorf;;5 Sterne (2 Bewertungen);Malermeister Norbert Malter aus Boxdorf. Er und sein Team streichen und tapezieren nach Kundenwunsch, mit klassischen Methoden ebenso wie mit Lasur- und Wischtechniken, und übernehmen Fassadenanstriche.;Innenanstrich, Tapezieren, Lasur- & Wischtechnik, Fassaden;sellwerk, Gelbe Seiten, handwerker24, maler-regional.;Handwerk lebt von Referenzen. Eine Seite mit Vorher-nachher-Fotos und Anfrageformular.;;keine;https://www.11880.com/branchenbuch/nuernberg-mittelfranken/060693296B100460060/norbert-malter-malerbetrieb.html
Nürnberg;Malereibetrieb Willi Schwab e.K.;Maler;0911 551202;;;;Merkelsgasse 19, 90489 Nürnberg;Gärten b. Wöhrd;;;Traditions-Malerbetrieb in der Merkelsgasse, gegründet 1913 und seit 1973 in Familienhand, eingetragen als Malereibetrieb Willi Schwab e.K. (HRA 7064, Amtsgericht Nürnberg). Schwerpunkte sind Malerarbeiten, Raumgestaltung sowie Fenster-, Fassaden- und Betonsanierung.;Malerarbeiten, Raumgestaltung, Fenstersanierung, Fassadensanierung, Betonsanierung;Viele Branchenbücher. Hat eine E-Mail-Adresse, eine eigene Website war nicht zu finden.;Über 110 Jahre Firmengeschichte lassen sich online gut erzählen. Falls es doch eine alte Seite gibt: einen Relaunch anbieten.;Vor dem Anruf kurz googeln, ob es eine alte Website gibt.;unklar;https://www.11880.com/branchenbuch/nuernberg-mittelfranken/060693517B28227164/willi-schwab-malereibetrieb.html
Nürnberg;Metzgerei Hans Hartmann;Metzgerei;0911 523183;;;;Bierweg 76, 90411 Nürnberg;Ziegelstein;;;Metzgerei in Ziegelstein am Bierweg 76, der Eingang liegt laut einem Eintrag an der Uttenreuther Straße 2b. Öffnungszeiten, Sortiment und Bewertungen stehen nirgends online, es gibt nur Verzeichniseinträge.;Fleisch & Wurst;Nur Branchenbücher und franken-4all.;Nürnberger Mitbewerber wie Freyberger oder Steiner haben Websites mit Sortiment und Mittagstisch. Eine Seite mit Wochenangeboten und Öffnungszeiten.;Öffnungszeiten unbekannt.;keine;https://www.11880.com/branchenbuch/nuernberg-mittelfranken/071213662B29480350/metzgerei-hans-hartmann.html
Nürnberg;Nagelstudio Gibitzenhofstraße;Nagelstudio;0911 5177643;;;;Gibitzenhofstr. 60, 90443 Nürnberg;Steinbühl;;;Nagelstudio in der Gibitzenhofstraße in Steinbühl, im Verzeichnis nur mit Adresse und Telefonnummer eingetragen.;Nageldesign, Maniküre;Nur ein Verzeichniseintrag ohne Namen.;Nagelstudios leben von Instagram-Bildern und Online-Terminbuchung. Eine Seite mit Preisliste und Buchung.;Website noch nicht einzeln geprüft: vor dem Anruf kurz googeln (Link „Google prüfen“). Name im Verzeichnis nicht angezeigt, am Telefon erfragen.;ungeprüft;https://www.11880-beauty.com/nagelstudio/nuernberg-mittelfranken
Nürnberg;NoA Fahrradwerkstatt;Fahrradwerkstatt;0911 5863474;;;;Gutenstetter Str. 20, 90449 Nürnberg;Eberhardshof;Mo–Do 10–15:30, Fr 10–11:30 Uhr;;Fahrradwerkstatt in der Gutenstetter Straße mit kurzen Öffnungszeiten, vor allem vormittags. Reparatur und Wartung von Fahrrädern.;Fahrradreparatur, Wartung, Inspektion;11880-Eintrag mit Öffnungszeiten.;Kurze Öffnungszeiten, deshalb müssen Kunden sie online finden. Eine Seite mit Zeiten, Preisliste und Terminanfrage.;Website noch nicht einzeln geprüft: vor dem Anruf kurz googeln (Link „Google prüfen“). Möglicherweise ein Sozial- oder Beschäftigungsprojekt, Ansprechpartner erfragen.;ungeprüft;https://www.11880.com/branchenbuch/nuernberg-mittelfranken/012031465B64814550/noa-fahrradwerkstatt.html
Nürnberg;Petra's Frisör-Stube;Friseur;0911 805638;;;Petra Märlender;Bonhoefferstr. 12, 90473 Nürnberg;Langwasser;;Positive Einzelbewertungen (Beratung, pünktliche Termine);Kleiner Salon in Langwasser, geführt von Inhaberin Petra Märlender, die selbst schneidet. Neben Haarschnitten gibt es Kosmetik, Fußpflege und ein Solarium, also vier Angebote unter einem Dach. Gearbeitet wird mit Wella-Produkten, klassische wie moderne Schnitte. Kundinnen loben, dass sie sich Zeit für die Typberatung nimmt und Termine pünktlich eingehalten werden.;Damen- & Herrenhaarschnitt, Kosmetik, Fußpflege, Solarium;Nur Branchenbücher (11880, Gelbe Seiten, Das Örtliche) und die Wella-Salonsuche.;Vier Leistungen, die online niemand sieht. Eine Seite mit Leistungen, Preisen und Öffnungszeiten bringt Neukundinnen aus Langwasser, die gezielt nach Fußpflege oder Solarium suchen.;Öffnungszeiten sind nicht veröffentlicht: im Gespräch erfragen.;keine;https://www.11880.com/branchenbuch/nuernberg-mittelfranken/110631771B29405742/petra-s-frisoer-stube-kosmetik-fusspflege-solarium.html
Nürnberg;Pizzeria Tricolore;Pizzeria;0911 61051188;;;;Rothenburger Str. 142, 90439 Nürnberg;Sündersbühl;täglich 9–22;Noch keine Bewertungen;Pizzeria an der Rothenburger Straße in Sündersbühl mit italienischer Küche und Lieferservice. Geöffnet täglich 9–22 Uhr. Online gibt es weder Speisekarte noch Bewertungen, nur Verzeichniseinträge.;Pizza & Pasta, Italienische Küche, Lieferservice;Nur 11880, Cylex, marktplatz-mittelstand.;Ein Lieferdienst ohne auffindbare Speisekarte verliert Bestellungen an Lieferando und Co. Eine Seite mit Speisekarte und Telefon-Bestellknopf.;;keine;https://www.11880.com/branchenbuch/nuernberg-mittelfranken/B108815043/pizzeria-tricolore.html
Nürnberg;Polsterwerkstätte Benjamin Schnell;Polsterei;0911 445375;;;Benjamin Schnell;Humboldtstr. 150, 90459 Nürnberg;Südstadt;;;Polsterwerkstatt von Benjamin Schnell in der Humboldtstraße in der Südstadt. Laut Branchenbuch Polster- und Raumausstatterarbeiten.;Neupolstern, Bezüge, Reparatur von Sitzmöbeln;Nur Branchenbuch-Eintrag (11880) gefunden.;Polsterarbeiten verkaufen sich über Vorher-nachher-Bilder. Eine Seite mit Galerie und Anfrageformular.;Website noch nicht einzeln geprüft: vor dem Anruf kurz googeln (Link „Google prüfen“).;ungeprüft;https://www.11880.com/suche/polsterei/nuernberg
Nürnberg;Savas KFZ-Werkstatt;Kfz-Werkstatt;0911 651646;;;;Wirthstr. 22–24, 90459 Nürnberg;Galgenhof;Mo–Fr 8:30–18, Sa 8:30–13;5 Sterne (2 Bewertungen);Kfz-Technikerbetrieb in der Wirthstraße (Galgenhof), der laut Carrando auch mit Autos handelt. Das Angebot reicht von Reparaturen über Service- und Prüfintervalle bis zu Montage- und Installationsarbeiten. Geöffnet Mo–Fr 8:30–18, Sa 8:30–13 Uhr. Die Bewertungen loben das Preis-Leistungs-Verhältnis und die kostenlose Montage von Winterreifen.;Reparaturen, Inspektion & Service, Montage, Reifenwechsel, Autohandel;Cylex, dienstkatalog, carrando (Autohandel), 11880.;Werkstatt plus Autohandel: Eine Website kann beides zeigen, Leistungen und aktuelle Fahrzeuge.;;keine;https://www.11880.com/branchenbuch/nuernberg-mittelfranken/012080446B100174654/savas-kfz-werkstatt.html
Nürnberg;Schuhmacher & Schlüsseldienst Thomas Jaeger;Schuhmacher;0911 5808338;;;Thomas Jaeger;Sulzbacher Str. 77 (im EDEKA U1), 90489 Nürnberg;Rennweg;;4,7 Sterne bei 34 Bewertungen;Schuhmacher und Schlüsseldienst von Thomas Jaeger im EDEKA-Markt U1 an der Sulzbacher Straße. Er repariert Schuhe und fertigt Schlüssel an, laut Kunden schnell und handwerklich sauber.;Schuhreparatur, Schlüssel nachmachen, Schlüsseldienst;Cylex, nicelocal, dasistnah, regiohandwerker.;Top bewertet, aber im Supermarkt versteckt. Wer „Schuhmacher Nürnberg“ sucht, landet bei Mitbewerbern mit Website. Eine Seite mit Leistungen, Preisen und dem Hinweis „im EDEKA U1“.;;keine;https://web2.cylex.de/firma-home/schuhmacher-und-schluesseldienst-thomas-jaeger-im-edeka-u1-13842778.html
Nürnberg;Semiha Kumlu Änderungsschneiderei;Schneiderei;0911 2741430;;;Semiha Kumlu;Untere Kanalstr. 1, 90429 Nürnberg;Gostenhof;;;Änderungsschneiderei von Semiha Kumlu in der Unteren Kanalstraße in Gostenhof. Online sind weder Öffnungszeiten noch Bewertungen hinterlegt, es gibt nur Einträge in Branchenbüchern.;Änderungen;Nur Branchenbücher (11880, Stadtbranchenbuch, suchehandwerker).;Gostenhof ist ein junges Viertel, in dem viel über Google gesucht wird. Eine einfache Seite mit Öffnungszeiten und Preisen reicht.;Öffnungszeiten unbekannt.;keine;https://www.11880.com/branchenbuch/nuernberg-mittelfranken/060690120B43360104/semiha-kumlu-aenderungsschneiderei.html
Nürnberg;Textilreinigung Meischner;Textilreinigung;0911 351745;;;Barbara Meischner (laut Branchenbuch);Schillerstr. 11, 90409 Nürnberg;Maxfeld;Mo–Fr 8–18, Sa 9–13;Noch keine Bewertungen;Textilreinigung und Wäscherei in der Schillerstraße (Maxfeld/Nordstadt), betrieben als Textilreinigung Meischner UG. Geöffnet Mo–Fr 8–18, Sa 9–13 Uhr.;Textilreinigung, Wäscherei;Nur Branchenbücher.;Eine Reinigung lebt von Kundschaft aus dem Viertel. Eine Seite mit Preisliste (Hemd, Anzug, Bettdecke) und Öffnungszeiten.;;keine;https://www.11880.com/branchenbuch/nuernberg-mittelfranken/061324346B50033088/textilreinigung-meischner.html
Nürnberg;Topnails (Kosmetik Luna);Nagelstudio;0911 9928170;0176 56706191 (WhatsApp);;;Theresienstr. 24, 90403 Nürnberg;Altstadt;Mo–Fr 9–19, Sa 9–17;;Nagel- und Kosmetikstudio in der Theresienstraße in der Altstadt, auch unter „Kosmetik Luna“ bekannt. Neben Nägeln gibt es Gesichtsbehandlungen, Massage, Fußpflege, Maniküre und Wimpern. Geöffnet Mo–Fr 9–19, Sa 9–17 Uhr. Termine laufen über Telefon und WhatsApp.;Nageldesign, Maniküre, Gesichtsbehandlung, Massage, Fußpflege, Wimpern;Instagram @topnailsnuernberg, kennstdueinen, 11880.;Instagram ist da, aber keine Seite mit Preisen und Buchung. Eine Website mit Preisliste und WhatsApp-Knopf.;;keine;https://www.11880.com/branchenbuch/nuernberg-mittelfranken/110633838B108234611/topnails.html
Nürnberg;Uhrenreparatur Fürther Straße;Uhrmacher;0911 311196;;;;Fürther Str. 90, 90429 Nürnberg;Gostenhof;;;Uhrenreparatur in der Fürther Straße in Gostenhof, im Telefonbuch mit Festnetznummer eingetragen.;Uhrenreparatur, Batteriewechsel, Armbänder;Nur ein Telefonbuch-Eintrag.;Eine einfache Seite mit Leistungen und Preisbeispielen macht die Werkstatt bei Google auffindbar.;Website noch nicht einzeln geprüft: vor dem Anruf kurz googeln (Link „Google prüfen“). Name im Verzeichnis nicht angezeigt, am Telefon erfragen.;ungeprüft;https://www.11880.com/suche/uhrmacher/nuernberg
Nürnberg;Uhrmacher Bayreuther Straße;Uhrmacher;0911 552703;;;;Bayreuther Str. 29 A, 90409 Nürnberg;Maxfeld;;;Uhrmacherwerkstatt in der Bayreuther Straße in Maxfeld, laut Das Örtliche Uhrmacher mit Festnetznummer.;Uhrenreparatur, Batteriewechsel, Revision;Nur ein Telefonbuch-Eintrag.;Uhrmacher sind selten geworden, Leute suchen gezielt „Uhrmacher Nürnberg“. Wer dann eine Seite hat, bekommt den Auftrag.;Website noch nicht einzeln geprüft: vor dem Anruf kurz googeln (Link „Google prüfen“). Name im Verzeichnis nicht angezeigt, am Telefon erfragen.;ungeprüft;https://www.11880.com/suche/uhrmacher/nuernberg
Nürnberg;Uhrmacher Königstraße;Uhrmacher;0911 203581;;;;Königstr. 12, 90402 Nürnberg;Lorenz;;;Uhrmacher in der Königstraße in der Lorenzer Altstadt, im Telefonbuch mit Festnetznummer eingetragen.;Uhrenreparatur, Batteriewechsel, Revision;Nur ein Telefonbuch-Eintrag.;Top-Lage in der Fußgängerzone, aber online kaum zu finden. Eine Seite mit Leistungen, Preisbeispielen und Google-Profil.;Website noch nicht einzeln geprüft: vor dem Anruf kurz googeln (Link „Google prüfen“). Name im Verzeichnis nicht angezeigt, am Telefon erfragen.;ungeprüft;https://www.11880.com/suche/uhrmacher/nuernberg
Nürnberg;ZieBra Schreinerei GmbH;Schreiner;0911 412366;;;;Peter-Henlein-Str. 23, 90443 Nürnberg;Steinbühl;;Noch keine Bewertungen;Schreinerei (GmbH) in der Peter-Henlein-Straße in Steinbühl mit Schwerpunkt Innenausbau. Referenzen, Öffnungszeiten oder Bewertungen sind online nicht zu finden.;Innenausbau, Schreinerarbeiten;Nur Branchenbücher (11880, blauarbeit, Stadtbranchenbuch).;Innenausbau verkauft sich über Fotos fertiger Projekte. Eine Referenzseite zeigt, was die Schreinerei kann.;;keine;https://www.11880.com/branchenbuch/nuernberg-mittelfranken/292242654B26702306/ziebra-schreinerei-gmbh.html
Passau;Anatolia Pizza & Kebap;Imbiss;0851 3000055;;;Bülent Sefer (e. K.);Große Klingergasse 1, 94032 Passau;Altstadt;Mo, Di, So 11–22, Mi/Do 11–3, Fr/Sa 11–4 Uhr;;Döner und Pizza in der Altstadt mit sehr langen Öffnungszeiten, am Wochenende bis 4 Uhr früh. Gelobt werden große, günstige Portionen und freundliches Personal. Mitglied im City Marketing Passau.;Döner, Pizza, Falafel, Nachts geöffnet;Tripadvisor, Yelp (10 Bewertungen), Restaurant Guru, Mitgliederseite beim City Marketing Passau.;Die Nachtschicht bis 4 Uhr ist ein Alleinstellungsmerkmal für Studierende. Eine Seite mit Karte und „bis 4 Uhr offen“.;Es gibt eine automatisch erzeugte Seite auf menu-world.com, vermutlich nicht vom Inhaber.;keine;https://www.11880.com/branchenbuch/passau/071366134B26249859/anatolia-pizza-kebap.html
Passau;Änderungsschneiderei Halyna Lane;Schneiderei;01575 5984220;;;Halyna Lane;Höllgasse 13, 94032 Passau;Altstadt;;;Änderungsschneiderei von Halyna Lane in der Höllgasse in der Altstadt. Kürzen, Maßanfertigung und Reparaturen. Sie spricht Deutsch, Ukrainisch und Polnisch. Kunden loben Leidenschaft und präzise Arbeit, etwa perfekt sitzende Hosen.;Kürzen, Maßanfertigung, Reparaturen, Beratung auf Deutsch, Ukrainisch, Polnisch;Nur 11880 und Schneider-Verzeichnisse.;Mehrsprachigkeit und Maßanfertigung sind starke Argumente, auch für Studierende und Touristen in der Altstadt. Eine zweisprachige Seite.;;keine;https://www.11880.com/branchenbuch/passau/060690120B113357574/aenderungsschneiderei-halyna-lane.html
Passau;ANNA's NÄHSTÜBERL Änderungsschneiderei;Schneiderei;0851 21055711;;;;Drosselweg 6, 94036 Passau;;Mo 10–15, Di 13–18, Do 13–18, Fr 10–18 Uhr;;Kleine, persönlich geführte Änderungsschneiderei, die Inhaberin arbeitet selbst an jedem Auftrag. Präzise Änderungen und Reparaturen, kostenlose Parkplätze direkt vor dem Laden.;Änderungen, Reparaturen, Parkplätze vor der Tür;Cylex, 11880, auftragsfreundlich.de und andere Verzeichnisse.;Ungewöhnliche Öffnungszeiten, die Kunden online nicht finden. Eine Seite mit Zeiten und Hinweis auf die Parkplätze.;;keine;https://www.11880.com/branchenbuch/passau/060690120B112955743/anna-s-naehstueberl-aenderungsschneiderei.html
Passau;Big Döner Imbiss;Imbiss;0176 76708671;;;;Neuburger Str. 106, 94036 Passau;Neustift;;4,8 Sterne (Google);Döner-Imbiss an der Neuburger Straße, bei Google mit 4,8 bewertet. Frisch gebackenes Brot, knackige Zutaten, dazu Pizza und Falafel. Die Inhaber werden als offen und herzlich beschrieben.;Döner im frischen Brot, Pizza, Falafel, Zum Mitnehmen;Online-Tischreservierung, Restaurant Guru, Wheree, Wanderboat.;4,8 Sterne und selbst gebackenes Brot, aber nur Handynummer auf Portalen. Eine Seite mit Speisekarte und Klick-zum-Anrufen.;Ein Portal nennt die Spitalhofstraße 95, Adresse prüfen.;keine;https://www.online-tischreservierung.de/restaurant/index/Bayern/Passau/T%C3%BCrkisch/1a49kcrq9n/Big%20D%C3%B6ner%20Imbiss
Passau;Irma Meindl Änderungsatelier;Schneiderei;0851 52904;;;Irma Meindl;Theresienstr. 22, 94032 Passau;Altstadt;;;Alteingesessenes Änderungsatelier von Irma Meindl in der Theresienstraße, mit fünfstelliger Festnetznummer. Kunden erwähnen gute Arbeit an Sakkos, Hosen und Anzügen.;Änderungen, Sakkos & Anzüge, Hosen;Nur Telefonbuch-Einträge (Das Telefonbuch, Gelbe Seiten, Cylex, Yelp).;Traditionsbetrieb, der für Anzugsänderungen bekannt ist. Eine gediegene Seite mit Schwerpunkt Herrenmode.;;keine;https://www.11880.com/branchenbuch/passau/060690120B27816278/irma-meindl-aenderungsatelier.html
Passau;Ljubinka Vasiljevic Änderungsschneiderei;Schneiderei;0851 98859986;;;Ljubinka Vasiljevic;Unterer Sand 6, 94032 Passau;Altstadt;Mo–Fr 10–18 Uhr, Sa 11–14 Uhr;3,5 Sterne (6 Bewertungen);Änderungsschneiderei von Ljubinka Vasiljevic am Unteren Sand in der Passauer Altstadt, werktags und samstags vormittags geöffnet. Änderungen und Reparaturen für Kleidung.;Änderungen, Reparaturen, Kürzen;Nur Verzeichnisse (11880, Cylex, FindeOffen, Öffnungszeitenbuch).;Im selben Haus sitzt eine Konkurrenz-Schneiderei mit eigener Website. Ohne eigene Seite verliert sie die Online-Suchenden direkt an den Nachbarn.;;keine;https://www.11880.com/branchenbuch/passau/060690120B100257149/ljubinka-vasiljevic-aenderungsschneiderei.html
Regensburg;Änderungsschneiderei Hannelore Gerl;Schneiderei;0941 55401;;;Hannelore Gerl;Fahrbeckgasse 1, 93047 Regensburg;Altstadt;Di und Do 8–13 und 14–16, Mi 11–18;;Änderungsschneiderei von Hannelore Gerl in der Fahrbeckgasse in der Regensburger Altstadt. Geöffnet nur an drei Tagen: Di und Do 8–13 und 14–16 Uhr, Mi 11–18 Uhr.;Änderungen, Reparaturen;Yelp, golocal, Das Telefonbuch, 11880.;Mit nur drei Öffnungstagen stehen Kunden oft vor verschlossener Tür. Eine Seite mit Zeiten und Preisen spart vergebliche Wege.;;keine;https://www.11880.com/branchenbuch/regensburg/060690120B26332841/hannelore-gerl-aenderungsschneiderei.html
Regensburg;Änderungsschneiderei MYNA;Schneiderei;0941 56992352;;;;Ostengasse 9, 93047 Regensburg;Altstadt;Mo–Fr 9–14 und 16–18, Sa 9–14;Positive Bewertungen (6 auf golocal);Änderungsschneiderei mit Reinigungsannahme in der Ostengasse in der Altstadt, sechs Tage die Woche geöffnet (Mo–Fr 9–14 und 16–18, Sa 9–14 Uhr). Sie ändert Alltags- und Festkleidung bis hin zu Brautkleidern, Anzügen und Jacken und legt Wert auf gute Materialien. Kunden beschreiben sie als zuvorkommend und freundlich.;Änderungen, Brautkleider, Anzüge, Reinigungsannahme;golocal (6 Bewertungen), einkaufen-regensburg.de, Cylex.;Brautkleid-Änderungen werden gezielt gesucht. Eine Seite mit Leistungen, Preisen und Bildern bringt genau diese Aufträge.;;keine;https://www.11880.com/branchenbuch/regensburg/060690120B102726296/aenderungsschneiderei-myna.html
Regensburg;City Döner;Imbiss;0941 20919133;;;;Maximilianstr. 2, 93047 Regensburg;Innenstadt;täglich 9–2;Google ca. 4,5 Sterne;Döner-Imbiss an der Maximilianstraße nahe Hauptbahnhof, geöffnet von 9 bis 2 Uhr nachts. Auf der Karte stehen Döner, Dürüm, Lahmacun, Falafel, Börek, Filet américain und Baklava, alles frisch zubereitet. Gelobt wird freundliches, professionelles Personal.;Döner & Dürüm, Lahmacun, Falafel, Börek, Baklava, Lieferung über Wolt;Wolt, einkaufen-regensburg.de, Cylex, restaurantguru.;Lange Öffnungszeiten bis 2 Uhr und Bahnhofsnähe: Nachtschwärmer und Pendler suchen online. Eine Seite mit Speisekarte und Öffnungszeiten, dazu Direktbestellung ohne Wolt-Provision.;;keine;https://www.11880.com/branchenbuch/regensburg/071366134B112930216/city-doener.html
Regensburg;Fleischboutique Edenharder;Metzgerei;0941 46021072;;;Heinz Edenharder;Hochweg 89, 93049 Regensburg;Westenviertel;;;Metzgerei von Heinz Edenharder am Hochweg im Westenviertel, die auch in und um Regensburg liefert. Seit Kurzem bedient sie nur noch an diesem Standort. Geöffnet unter anderem Di 7:30–14, Mi 7:30–14 und 16–18 Uhr.;Fleisch & Wurst, Lieferservice;Facebook-Seite mit über 500 Likes, nicelocal, Regionalkauf.;Ein Lieferservice ohne Website verschenkt Bestellungen. Eine Seite mit Sortiment, Lieferinfos und Bestellformular.;Genaue Öffnungszeiten im Gespräch bestätigen.;keine;https://www.11880.com/branchenbuch/regensburg/071213662B105101844/fleischboutique-edenharder.html
Regensburg;Fußpflege Dagmar Kimmerl;Fußpflege;0941 760327;;;Dagmar Kimmerl;Käthe-Kollwitz-Str. 8, 93055 Regensburg;Burgweinting;;;Fußpflege von Dagmar Kimmerl in der Käthe-Kollwitz-Straße in Burgweinting. Online gibt es nur Verzeichniseinträge.;Fußpflege;Nur Stadtbranchenbuch und 11880.;Online praktisch nicht vorhanden. Eine kleine Seite mit Leistungen, Preisen und Terminanfrage.;Öffnungszeiten erfragen.;keine;https://www.11880.com/branchenbuch/regensburg/110631810B43393836/fusspflege-dagmar-kimmerl.html
Regensburg;Fußpflege Riebel-Adams;Fußpflege;0941 51009;;;Brigitte Riebel-Adams;Obermünsterstr. 13, 93047 Regensburg;Altstadt;Mo–Fr 8–18;;Praxis für medizinische Fußpflege von Brigitte Riebel-Adams in der Obermünsterstraße in der Altstadt, geöffnet Mo–Fr 8–18 Uhr. Angeboten werden Fußpflege, Pediküre, podologische Leistungen und Nagelpflege.;Medizinische Fußpflege, Pediküre, Nagelpflege;sellwerk, golocal, Cylex, Das Telefonbuch.;Viele ältere Kunden, aber auch deren Angehörige suchen online. Eine Seite mit Leistungen, Preisen und Anfahrt.;;keine;https://www.11880.com/branchenbuch/regensburg/110631810B28219002/fusspflege-med-riebel.html
Regensburg;Imbiss Aladin Kebap;Imbiss;0941 4024661;;;;Landshuter Str. 72a, 93053 Regensburg;Kasernenviertel;;4,3 Sterne bei rund 267 Bewertungen;Döner-Imbiss an der Landshuter Straße im Kasernenviertel mit Falafel, Pommes, Schaschlik, Pizza und Würstchen, Preise 1–10 €. Abholung und Lieferung möglich.;Döner, Falafel, Schaschlik, Pizza, Lieferung;Tripadvisor, golocal, Gelbe Seiten, Das Telefonbuch.;Über 260 Bewertungen, aber keine eigene Seite. Speisekarte online und Direktbestellung bringen mehr Lieferaufträge ohne Provision.;;keine;https://www.11880.com/branchenbuch/regensburg/071366134B100722360/imbiss-aladin-kebap.html
Regensburg;Kosmetik und Fußpflege „Zeit für Dich“;Fußpflege;01512 2405200;;;;Dr.-Gessler-Str. 18, 93051 Regensburg;Kumpfmühl;;;Kleines Kosmetik- und Fußpflegestudio in der Dr.-Gessler-Straße, erreichbar über Handynummer.;Fußpflege, Kosmetik;11880-Eintrag.;Der Name passt perfekt für eine ruhige Wohlfühl-Seite mit Preisliste und Online-Termin.;Website noch nicht einzeln geprüft: vor dem Anruf kurz googeln (Link „Google prüfen“).;ungeprüft;https://www.11880.com/branchenbuch/regensburg/110630625B107259427/kosmetik-und-fusspflege-zeit-fuer-dich.html
Regensburg;Laras Imbiss;Imbiss;0941 5861754;;;;Silberne-Kranz-Gasse 1, 93047 Regensburg;Altstadt;;4 Sterne bei Yelp;Kleiner Döner-Imbiss in der Silbernen-Kranz-Gasse mitten in der Regensburger Altstadt, sieben Tage die Woche geöffnet. Bekannt für seinen Döner Kebab.;Döner Kebab, Imbiss;Yelp (4 Sterne), Groupon, einkaufen-regensburg.de, Cylex.;Altstadtlage mit vielen Touristen, die auf dem Handy nach Essen suchen. Eine Seite mit Speisekarte, auch auf Englisch, holt sie ab.;;keine;https://www.11880.com/branchenbuch/regensburg/071362461B43374246/laras-imbiss.html
Regensburg;Metzgerei Ludwig Schuderer;Metzgerei;0941 85756;;;Ludwig Schuderer;Am Protzenweiher 1, 93059 Regensburg;Stadtamhof;;;Metzgerei von Ludwig Schuderer am Protzenweiher in Stadtamhof. Online stehen nur Adresse und Telefonnummer, keine Öffnungszeiten und kein Sortiment.;Fleisch & Wurst;Nur Das Örtliche, metzgerei.org, 11880.;Stadtamhof ist Weltkulturerbe mit vielen Besuchern. Eine Seite mit Öffnungszeiten, Brotzeit und Regensburger Spezialitäten.;Öffnungszeiten erfragen.;keine;https://www.11880.com/branchenbuch/regensburg/071213662B26993504/ludwig-schuderer-metzgerei.html
Rosenheim;Änderungsschneiderei Christina Garnreiter;Schneiderei;08031 9005997;;;Christina Garnreiter;Am Roßacker 13, 83022 Rosenheim;Innenstadt-Nord;Mo–Do 8–17, Fr 8–15;;Änderungsschneiderei von Christina Garnreiter Am Roßacker, geöffnet Mo–Do 8–17 und Fr 8–15 Uhr. Online gibt es nur Verzeichniseinträge.;Änderungen, Reparaturen;Cylex, suchehandwerker, auftragsfreundlich, 11880.;Online kaum sichtbar. Eine Seite mit Leistungen, Preisen und Öffnungszeiten reicht für den Anfang.;;keine;https://www.11880.com/branchenbuch/rosenheim-oberbayern/060690120B39430454/christina-garnreiter-aenderungsschneiderei.html
Rosenheim;Änderungsschneiderei Kamil Aydin („Tailor“);Schneiderei;08031 15186;;;Kamil Aydin;Kardinal-Faulhaber-Platz 3, 83022 Rosenheim;Ost;;;Änderungsschneiderei von Kamil Aydin am Kardinal-Faulhaber-Platz, in manchen Verzeichnissen auch als „Änderungsschneiderei Tailor“ eingetragen. Änderungen und Reparaturen für Kleidung.;Änderungen, Reparaturen, Kürzen;Verzeichnisse (11880, Firmania, Cylex, Yelp, FindeOffen) unter zwei verschiedenen Namen.;Zwei Namen in den Verzeichnissen verwirren Kunden. Eine Seite und ein sauberes Google-Profil mit einem Namen.;Welcher Name gilt (Aydin oder Tailor)? Am Telefon klären.;keine;https://www.11880.com/branchenbuch/rosenheim-oberbayern/060690120B27591808/kamil-aydin.html
Rosenheim;Gül Döner Feinkost Imbiss;Imbiss;0172 4679933;;;;Grubholzer Str. 4, 83026 Rosenheim;Süd (Aicherpark);täglich 12–17 Uhr (laut Verzeichnis);4,2 Sterne;Döner-Imbiss mit Feinkost in der Grubholzer Straße im Aicherpark. Döner, italienische Pizza und türkische Gerichte, auch Lieferung. Einige Kunden nennen das Dönerfleisch das beste der Stadt.;Döner, Pizza, Türkische Gerichte, Feinkost, Lieferung;Lieferheld, Online-Tischreservierung, Yelp, Dönernavi.;Liefert über Plattformen, hat aber keine eigene Seite. Eigene Bestellseite und Google-Profil für die Mittagsgäste im Gewerbegebiet.;;keine;https://www.oeffnungszeitenbuch.de/filiale/Rosenheim-Guel%2520Doener-3788835J.html
Rosenheim;KiNG Imbiss;Imbiss;0172 8662518;;;;Münchener Str. 12, 83022 Rosenheim;Innenstadt (Nähe Bahnhof);;4,8 Sterne (313 Bewertungen);Klassischer Imbiss an der Münchener Straße nahe Bahnhof mit Döner, Falafel, Currywurst und Burgern, halal. Der Döner gilt vielen als bester in Rosenheim, gelobt werden die Spezial-Knoblauchsoße und die Falafel. Sehr gut bewertet.;Döner, Falafel, Currywurst, Burger, Halal, Lieferung über Uber Eats;Speisekarten-Portale, Uber Eats, Halalfoodle, eine automatisch erzeugte Seite auf grubbio.com.;313 Bewertungen mit 4,8, aber nur Plattform-Seiten. Eine eigene Seite mit Karte und Direktbestellung spart Liefergebühren.;Es gibt eine automatisch generierte Seite auf king-imbiss.grubbio.com, vermutlich nicht vom Inhaber.;unklar;https://www.speisekarte.de/rosenheim/restaurant/king_imbiss
Rosenheim;Vassilios Konstantinidis Änderungsdienst;Schneiderei;08031 31130;;;Vassilios Konstantinidis;Münchener Str. 45, 83022 Rosenheim;Aisingerwies;Mo–Fr 8:30–18 Uhr;;Alteingesessener Änderungsdienst und Schneiderei von Vassilios Konstantinidis an der Münchener Straße, werktags durchgehend geöffnet.;Änderungen, Schneiderarbeiten, Reparaturen;Nur Verzeichnisse (11880, Cylex, Öffnungszeitenbuch, FindeOffen).;Langjähriger Betrieb mit fünfstelliger Festnetznummer, aber null eigene Präsenz. Visitenkarten-Seite mit Leistungen und Zeiten.;;keine;https://www.11880.com/branchenbuch/rosenheim-oberbayern/060690120B28175091/vassilios-konstantinidis-aenderungsdienst.html
Rosenheim;ZEZE Imbiss;Imbiss;08031 8097434;;;;Innstr. 42, 83022 Rosenheim;Innenstadt;Mo–Sa 10–19;4 Sterne;Türkischer Döner-Imbiss in der Innstraße mit täglich frischem Essen, alles auch zum Mitnehmen. Stammgäste nennen ihn den besten Döner Rosenheims. Unter dem Namen gibt es auch ein „ZEZE Imbiss & Bistro“ in der Kaiserstraße 26.;Döner, Türkische Gerichte, Zum Mitnehmen;Yelp, golocal, Das Örtliche, hunger.jetzt.;Zwei Standorte und ein guter Ruf, aber keine eigene Seite. Eine Website mit beiden Adressen und Speisekarte.;Fragen, ob das Bistro in der Kaiserstraße zum selben Betrieb gehört.;keine;https://www.11880.com/branchenbuch/rosenheim-oberbayern/071366134B100825318/zeze-imbiss.html
Schweinfurt;Änderungsschneiderei am Kornmarkt;Schneiderei;09721 5412275;;;;Kornmarkt 5, 97421 Schweinfurt;Altstadt;;;Änderungsschneiderei am Kornmarkt in der Schweinfurter Altstadt, in den Verzeichnissen nur als „Aenderungsschneiderei“ ohne eigenen Namen eingetragen.;Änderungen, Reparaturen;Nur Cylex und 11880, ohne Firmennamen.;Nicht mal ein Name ist online zu finden. Ein Name, eine einfache Seite und ein Google-Profil machen sie überhaupt erst auffindbar.;Namen und Inhaber am Telefon erfragen.;keine;https://web2.cylex.de/firma-home/aenderungsschneiderei-5436970.html
Schweinfurt;Änderungsschneiderei Pamuk;Schneiderei;0172 3016838;;;;Theresienstr. 6, 97421 Schweinfurt;Innenstadt;;;Änderungsschneiderei in der Theresienstraße in der Schweinfurter Innenstadt. Kleidungsänderungen und Reparaturen, erreichbar über Handynummer.;Änderungen, Reparaturen, Hosen kürzen;Nur Cylex und 11880.;Nur eine Handynummer in zwei Verzeichnissen. Eine Seite mit Leistungen, Zeiten und WhatsApp-Knopf.;Öffnungszeiten erfragen.;keine;https://www.11880.com/branchenbuch/schweinfurt/060690120B113199354/aenderungsschneiderei-pamuk.html
Schweinfurt;Baran Döner;Imbiss;09721 207399;;;;Wolfsgasse 4, 97421 Schweinfurt;Altstadt;;golocal: 11 Bewertungen;Seit 1988 und damit wohl der älteste Dönerladen Schweinfurts, wenige Meter vom Roßmarkt (Busbahnhof). Plätze drinnen und ein paar draußen, am Wochenende lange offen. Gelobt werden Qualität, große Portionen und authentischer Geschmack.;Döner im Fladenbrot, Dürüm, Lieferung über Lieferando, Spätöffnung am Wochenende;Facebook, Lieferando, Gastronomieführer der Stadt, golocal (11 Bewertungen).;„Schweinfurts ältester Döner seit 1988“ ist eine starke Geschichte, die online nirgends erzählt wird. Eigene Seite mit Geschichte, Karte und Bestellung per Telefon statt Lieferando-Provision.;;keine;https://www.dasoertliche.de/Themen/Baran-D%C3%B6ner-Imbiss-Schweinfurt-Altstadt-Wolfsgasse
Schweinfurt;Fußpflege Jeanette Uhlein;Fußpflege;09721 4741129;;;Jeanette Uhlein;Niederwerrner Str. 20, 97421 Schweinfurt;Innenstadt;Di–Fr 9–17 Uhr;5,0 Sterne (4 Bewertungen);Fußpflegepraxis von Jeanette Uhlein in der Niederwerrner Straße. Bewertungen loben Professionalität, Freundlichkeit und kompetente Behandlung von Fußproblemen.;Fußpflege, Nagelpflege, Hornhautentfernung;Nur Verzeichnisse (Das Örtliche, Gelbe Seiten, golocal, goYellow, 11880).;5,0 Sterne, aber keine eigene Seite. Eine Seite mit Leistungen, Preisen und Terminanfrage.;;keine;https://www.11880.com/branchenbuch/schweinfurt/110631810B106546556/jeanette-uhlein-fusspflege.html
Schweinfurt;Fußpflege Maria Deibert;Fußpflege;0176 21476565;;;Maria Deibert;Hermann-Barthel-Str. 11, 97424 Schweinfurt;Bergl;;;Fußpflege von Maria Deibert, erreichbar über Handynummer.;Fußpflege;11880-Eintrag.;Eine einfache Seite mit Preisen und WhatsApp-Terminanfrage.;Website noch nicht einzeln geprüft: vor dem Anruf kurz googeln (Link „Google prüfen“).;ungeprüft;https://www.11880.com/branchenbuch/schweinfurt/110631810B113395911/fusspflege-maria-deibert.html
Schweinfurt;Fußpflege Silvia Räder;Fußpflege;09721 3709647;;;Silvia Räder;Segnitzstr. 97, 97422 Schweinfurt;;;;Kosmetische Fußpflege von Silvia Räder: Nagelpflege, Hornhautentfernung, Fußbad und Nageldesign. Termine, Zeiten und Preise nur telefonisch.;Kosmetische Fußpflege, Nagelpflege, Hornhautentfernung, Fußbad, Nageldesign;Nur Verzeichnisse (11880, Öffnungszeitenbuch, fusspflege-podologie.com).;Alles läuft übers Telefon. Eine kleine Seite mit Preisliste und Terminanfrage.;;keine;https://www.11880.com/branchenbuch/schweinfurt/B100944027/silvia-raeder-fusspflege.html
Schweinfurt;Helal Imbiss;Imbiss;09721 805401;;;;Hauptstr. 17, 97424 Schweinfurt;Oberndorf;Mo–Sa 10–21:30 Uhr;;Türkischer Döner-Imbiss an der Hauptstraße in Oberndorf. Döner, Kebab und weitere Gerichte zum Mitnehmen, sechs Tage die Woche bis abends.;Döner, Kebab, Zum Mitnehmen;Zwei Facebook-Seiten, Tripadvisor, GastroGuide, Gelbe Seiten.;Stadtteil-Imbiss mit Stammkunden, online verstreut auf zwei Facebook-Seiten. Eine Seite, eine Speisekarte, ein Google-Profil.;;keine;https://www.11880.com/branchenbuch/schweinfurt/071362461B29309452/helal-imbiss.html
Schweinfurt;InStyle service;Schneiderei;09721 3034863;;;Ingrid Leimeister (Reinigungsannahme);Am Oberen Marienbach 1, 97421 Schweinfurt;Innenstadt (Rückert Centrum);Mo–Fr 10–17 Uhr;;Servicepunkt im Rückert Centrum: Änderungsschneiderei, Annahmestelle für Reinigung und Wäscherei (Ingrid Leimeister), Schuhreparatur, Lederarbeiten sowie Messer- und Scherenschleifen.;Änderungen, Reinigung & Wäsche (Annahme), Schuhreparatur, Lederarbeiten, Messer- & Scherenschleifen;Instagram (@in_style_service), Eintrag auf der Mieterseite des Rückert Centrums, Verzeichnisse.;Fünf Dienstleistungen unter einem Dach, aber nur Instagram. Eine Seite mit allen Leistungen und Preisen, verlinkt vom Einkaufszentrum.;;keine;https://www.11880.com/branchenbuch/schweinfurt/060690120B112947691/instyle-service.html
Schweinfurt;Melanie Böß Mobile Medizinische Fußpflege;Fußpflege;09721 4764477;;;Melanie Böß;Stresemannstr. 11, 97424 Schweinfurt;;;;Mobile medizinische Fußpflege von Melanie Böß mit Hausbesuchen.;Mobile Fußpflege, Hausbesuche, Medizinische Fußpflege;11880-Eintrag.;Hausbesuche werden oft von Angehörigen gesucht. Eine Seite mit Einzugsgebiet.;Website noch nicht einzeln geprüft: vor dem Anruf kurz googeln (Link „Google prüfen“).;ungeprüft;https://www.11880.com/branchenbuch/schweinfurt/110631810B53185405/boess-melanie-mobile-medizinische-fusspflege.html
Schweinfurt;Rhönmetzgerei Klaus Arnold;Metzgerei;09721 6755295;;;Klaus Arnold;Keßlergasse 17, 97421 Schweinfurt;Altstadt;;;Metzgerei in der Keßlergasse in der Altstadt mit Wurst und Fleisch aus der Rhön.;Fleisch, Wurst aus der Rhön;11880-Eintrag.;Regionale Herkunft ist ein starkes Argument. Eine Seite mit Wochenangebot und Herkunft.;Website noch nicht einzeln geprüft: vor dem Anruf kurz googeln (Link „Google prüfen“).;ungeprüft;https://www.11880.com/branchenbuch/schweinfurt/071213662B100981307/rhoenmetzgerei-klaus-arnold-metzgerei.html
Schweinfurt;Schneiderei Georg-Schäfer-Straße;Schneiderei;09721 86926;;;;Georg-Schäfer-Str. 12, 97421 Schweinfurt;Innenstadt;;;Schneiderei in der Georg-Schäfer-Straße, im Verzeichnis mit fünfstelliger Festnetznummer eingetragen.;Änderungen;Nur ein Verzeichniseintrag.;Eine Seite mit Namen, Leistungen und Zeiten.;Website noch nicht einzeln geprüft: vor dem Anruf kurz googeln (Link „Google prüfen“). Name nicht angezeigt, am Telefon erfragen.;ungeprüft;https://www.11880.com/suche/aenderungsschneiderei/schweinfurt
Schweinfurt;Schneiderei Oskar-von-Miller-Straße;Schneiderei;09721 941537;;;;Oskar-von-Miller-Str. 6, 97424 Schweinfurt;Bergl;;;Schneiderei in der Oskar-von-Miller-Straße im Bergl, im Verzeichnis mit Festnetznummer eingetragen.;Änderungen;Nur ein Verzeichniseintrag.;Eine Seite mit Namen, Leistungen und Zeiten.;Website noch nicht einzeln geprüft: vor dem Anruf kurz googeln (Link „Google prüfen“). Name nicht angezeigt, am Telefon erfragen.;ungeprüft;https://www.11880.com/suche/aenderungsschneiderei/schweinfurt
Straubing;Änderungsschneiderei „bei Valentina“;Schneiderei;0160 94832774;;;Valentina Gudis;Ottogasse 15, 94315 Straubing;Altstadt;Mo/Di 12–17, Mi 10–15, Do/Fr 10–16, Sa 10–14 Uhr;;Kleine Änderungsschneiderei von Valentina Gudis in der Ottogasse. Kleidungsänderungen und Textilarbeiten, sechs Tage die Woche geöffnet.;Änderungen, Textilarbeiten, Reparaturen;Verzeichnisse (Cylex, Firmania, Öffnungszeitenbuch) unter zwei Namen.;Nur eine Handynummer in Verzeichnissen. Eine Seite mit Zeiten und WhatsApp-Knopf macht sie auffindbar.;;keine;https://www.oeffnungszeitenbuch.de/filiale/Straubing-Aenderungsschneiderei%2520%2522bei%2520Valentina%2522-3425900Q.html
Straubing;Döner Moni;Imbiss;09421 9635123;;;;Ludwigsplatz 38, 94315 Straubing;Altstadt;Mo–Sa 10–18 Uhr, So zu;;Döner- und Pizza-Schnellrestaurant direkt am Ludwigsplatz, dem Hauptplatz der Straubinger Altstadt. Mitglied bei „Einkaufen in Straubing“.;Döner, Pizza, Zum Mitnehmen;Eintrag bei einkaufen-in-straubing.de, GastroGuide, golocal, Cylex.;Beste Lage am Ludwigsplatz, aber keine eigene Seite. Speisekarte online und Google-Profil pflegen.;;keine;https://www.11880.com/branchenbuch/straubing/071366134B102161458/doener-moni-doenerimbiss.html
Straubing;Martha Hahn Änderungsschneiderei;Schneiderei;09421 12198;;;Martha Hahn;Burggasse 20, 94315 Straubing;Altstadt;Di–Fr 9:30–12:30 Uhr;;Alteingesessene Änderungsschneiderei von Martha Hahn in der Burggasse, nur vormittags geöffnet. Kunden loben saubere Handarbeit, pünktliche Fertigstellung und faire Preise.;Änderungen, Individuelle Anpassungen, Reparaturen;Nur Telefonbuch- und Bewertungsportale (Das Örtliche, Gelbe Seiten, Yelp, Cylex).;Nur vier Vormittage offen, deshalb müssen Kunden die Zeiten kennen. Eine Seite mit Zeiten und Leistungen.;Yelp nennt Burggasse 15.;keine;https://www.11880.com/branchenbuch/straubing/060690120B27815583/martha-hahn-aenderungsschneiderei.html
Weiden;City-Döner;Imbiss;0961 42221;;;;Bahnhofstr. 5, 92637 Weiden in der Oberpfalz;Innenstadt (Bahnhof);Mo–Sa 11–22:30, So 14–22:30 Uhr;;Türkischer Imbiss an der Bahnhofstraße, zentral und fußläufig zum Bahnhof, täglich bis 22:30 Uhr. Beliebt bei Pendlern und Reisenden.;Döner, Türkische Gerichte, Pizza, Täglich bis 22:30;Yelp, Speisekarten-Portale, goYellow. Die alte Google-Seite citydoenerweiden.business.site gibt es nicht mehr, weil Google diese Seiten 2024 abgeschaltet hat.;Die bisherige Website ist mit der Abschaltung der Google-Business-Seiten verschwunden. Genau jetzt braucht er Ersatz.;Hatte eine Google-business.site-Seite (seit 2024 abgeschaltet). Fragen, ob es inzwischen eine neue gibt.;unklar;https://www.11880.com/branchenbuch/weiden-in-der-oberpfalz/071364395B27133688/city-doener.html
Weiden;Elisabeth Nirschl Änderungsschneiderei;Schneiderei;0961 33446;;;Elisabeth Nirschl;Bürgermeister-Prechtl-Str. 20, 92637 Weiden in der Oberpfalz;;;;Änderungsschneiderei in der Bürgermeister-Prechtl-Straße, im Verzeichnis mit fünfstelliger Festnetznummer eingetragen.;Änderungen;Nur ein Verzeichniseintrag.;Eine Visitenkarten-Seite mit Zeiten.;Website noch nicht einzeln geprüft: vor dem Anruf kurz googeln (Link „Google prüfen“). meinestadt.de nennt unter derselben Adresse „Olga Berman Änderungsschneiderei“, möglicherweise Nachfolgerin.;ungeprüft;https://www.oeffnungszeitenbuch.de/filiale/Weiden-Elisabeth%2520Nirschl%2520Aenderungsschneiderei-1856263K.html
Weiden;Olga Tews Änderungsschneiderei;Schneiderei;0961 24655;;;Olga Tews;Leimbergerstr. 22, 92637 Weiden in der Oberpfalz;;Mo–Do 9–13 Uhr;;Änderungsschneiderei von Olga Tews in der Leimbergerstraße, von Montag bis Donnerstag vormittags geöffnet.;Änderungen, Reparaturen;Nur Verzeichnisse (11880, Cylex, FindeOffen, lokalwissen).;Nur vier Vormittage offen: eine Seite mit Zeiten und Anfahrt vermeidet verlorene Wege.;;keine;https://www.11880.com/branchenbuch/weiden-in-der-oberpfalz/060690120B101605126/olga-tews-aenderungsschneiderei.html
Weiden;Sofra Döner;Imbiss;0961 47054699;;;;Bahnhofstr. 9, 92637 Weiden in der Oberpfalz;Innenstadt (Bahnhof);;;Neuerer Döner-Imbiss an der Bahnhofstraße, zwei Häuser neben City-Döner. Online gibt es bisher kaum mehr als einen Verzeichniseintrag.;Döner, Dürüm, Zum Mitnehmen;Nur 11880.;Direkte Konkurrenz zwei Häuser weiter. Wer bei Google mit Karte und Fotos auftaucht, gewinnt die Laufkundschaft vom Bahnhof.;Öffnungszeiten und Inhaber erfragen.;keine;https://www.11880.com/branchenbuch/weiden-in-der-oberpfalz/071364395B113106802/sofra-doener.html
Würzburg;Änderungsschneiderei A. Ün;Schneiderei;0931 18484;;;Herr Ün;Innerer Graben 38, 97070 Würzburg;Altstadt;Mo–Sa 9–18:30, So 10–14;1,8 Sterne bei 5 Bewertungen;Kleine Änderungsschneiderei am Inneren Graben in der Innenstadt, seit vielen Jahren von Herrn Ün geführt. Geöffnet Mo–Sa 9–18:30 und sogar sonntags 10–14 Uhr. Die wenigen Online-Bewertungen sind kritisch (Preise, Service).;Änderungen, Sonntags geöffnet;Yelp, golocal (7 Bewertungen), 11880.;Die Online-Bewertungen ziehen den Laden runter. Eine eigene Seite mit klaren Preisen und ein gepflegtes Google-Profil helfen, das Bild zu drehen. Sonntags geöffnet ist ein echtes Argument.;;keine;https://www.11880.com/branchenbuch/wuerzburg/060690120B52789601/a-uen-aenderungsschneiderei.html
Würzburg;Änderungsschneiderei Akyol;Schneiderei;0931 45265382;;;;Johanniterplatz 3, 97070 Würzburg;Altstadt;Mo–Fr 9–18, Do bis 18:30, Sa 10–14;Sehr positive Bewertungen;Änderungsschneiderei am Johanniterplatz in der Altstadt, spezialisiert auf Brautkleider und Hochzeitsmode, aber auch Alltagskleidung und komplizierte Änderungen. Kunden loben hohe Professionalität, schnelle Umsetzung und freundliche Atmosphäre. Geöffnet Mo–Fr 9–18 (Do bis 18:30), Sa 10–14 Uhr.;Brautkleider, Hochzeitsmode, Komplizierte Änderungen, Alltagskleidung;Cylex, yably, golocal, Das Telefonbuch.;Brautkleid-Spezialistin ohne Website: Bräute suchen genau das online. Eine Seite mit Bildern, Ablauf und Terminanfrage.;;keine;https://www.11880.com/branchenbuch/wuerzburg/060690120B102048856/aenderungsschneiderei-akyol.html
Würzburg;Änderungsschneiderei Erfani (Stoffwerkstatt);Schneiderei;0931 3538673;;;;Kaiserstr. 16, 97070 Würzburg;Altstadt;Mo–Fr 9–18, Sa 10–16;5 Sterne (4 Bewertungen);Änderungsschneiderei „Stoffwerkstatt Erfani“ in der Kaiserstraße nahe Hauptbahnhof, spezialisiert auf Kürzen und Reparaturen. Geöffnet Mo–Fr 9–18, Sa 10–16 Uhr. Die Bewertungen sind durchweg sehr gut.;Kürzen, Reparaturen, Änderungen;Facebook-Seite „Stoffwerkstatt Erfani“, Stadtbranchenbuch, 11880 (dort nur als „Änderungsschneiderei“).;Bei 11880 läuft sie nur unter „Änderungsschneiderei“ ohne Namen. Eine eigene Seite mit dem Namen Stoffwerkstatt Erfani, Preisen und Öffnungszeiten.;;keine;https://www.11880.com/branchenbuch/wuerzburg/060690120B27206101/aenderungsschneiderei.html
Würzburg;Änderungsschneiderei Wehr;Schneiderei;0931 6668886;;;;Ulmer Hof 1, 97070 Würzburg;Altstadt;;5 Sterne (1 Bewertung);Änderungsschneiderei im Ulmer Hof in der Würzburger Altstadt. Sie ändert Abend-, Ball- und Brautkleider, Blazer, Blusen, Hemden, Hosen, Jacken, Mäntel und Anzüge, dazu Heimtextilien wie Bettwäsche, Vorhänge, Kissen, Rollos und Tischdecken.;Änderungen, Brautkleider, Anzüge, Vorhänge & Heimtextilien;Das Örtliche, Gelbe Seiten, goyellow, 11880.;Ein großes Angebot bis zu Brautkleidern und Vorhängen, das nur in Verzeichnissen steht. Eine Seite mit Leistungen und Preisbeispielen.;;keine;https://www.11880.com/branchenbuch/wuerzburg/060690120B42117386/aenderungsschneiderei-wehr-schneiderei.html
Würzburg;Die Nähstube – Änderungsschneiderei;Schneiderei;0931 29769722;;;;Frankfurter Str. 25, 97082 Würzburg;Zellerau;;;Änderungsschneiderei in der Frankfurter Straße in der Zellerau. Die ausgebildete, erfahrene Schneiderin legt Wert auf gute Materialien, Kunden werden hilfsbereit und freundlich behandelt.;Änderungen, Reparaturen;Nur 11880, lokalwissen, Cylex.;Relativ neuer Eintrag und online kaum sichtbar. Eine erste Seite mit Leistungen, Preisen und Öffnungszeiten.;Öffnungszeiten erfragen.;keine;https://www.11880.com/branchenbuch/wuerzburg/060690120B113432494/die-naehstube-aenderungsschneiderei.html
Würzburg;Döner Express;Imbiss;0931 6195761;;;;Am Nikolaustor 7, 97084 Würzburg;Heidingsfeld;täglich 11–22;;Döner-Imbiss am Nikolaustor in Heidingsfeld mit knusprigem Brot, saftigem Döner, hausgemachter Falafel und Bratkartoffeln als Beilage, dazu eine große Soßenauswahl. Täglich 11–22 Uhr geöffnet, Lieferung über Lieferando.;Döner, Falafel, Dönerteller, Lieferung über Lieferando;Lieferando, Facebook, WürzburgWiki, eine Menü-Seite auf menufyy.;Bestellungen laufen über Lieferando mit Provision. Eine eigene Seite mit Speisekarte und Telefon-Bestellung spart Gebühren.;;keine;https://www.11880.com/branchenbuch/wuerzburg/071366134B52606791/doener-express.html
